clone,clone_type,juju,copper,rep,induction_1,induction_1_pedestal,induction_1_nteeth,induction_2,induction_2_pedestal,induction_2_nteeth,induction_3,induction_3_pedestal,induction_3_nteeth,induction_4,induction_4_pedestal,induction_4_nteeth,induction_5,induction_5_pedestal,induction_5_nteeth,max_induction_total_I1,max_induction_total_I2,max_induction_pedestal_I1,max_induction_pedestal_I2,max_induction_nteeth_I1,max_induction_nteeth_I2,size_1,size_2,size_3,size_4,size_5,size_maturity,age_maturity,survival_time,alive_dead,somaticGrowth_maturity,somaticGrowth_3d,somaticGrowth_4d
D86A,low,0.00,0,1,0,0,0,0,0,0,0,0,0,0,0,0,0,0,0,0,0,0,0,0,0,0.809,0.913,0.957,1.147,1.602,1.634,6,6,0,0.11716456,0.028,0.058
D86A,low,0.00,0,2,0,0,0,0,0,0,0,0,0,0,0,0,0,0,0,0,0,0,0,0,0,0.817,0.987,1.010,1.274,1.655,1.692,6,6,0,0.121337908,0.035,0.074
D86A,low,0.00,0,3,0,0,0,0,0,0,0,0,0,0,0,0,0,0,0,0,0,0,0,0,0,0.815,1.003,1.066,1.350,1.756,1.761,6,6,0,0.128408166,0.045,0.084
D86A,low,0.00,0,4,0,0,0,0,0,0,0,0,0,0,0,0,0,0,0,0,0,0,0,0,0,0.814,1.027,1.087,1.311,1.706,1.729,6,6,0,0.125556353,0.048,0.079
D86A,low,0.10,0,1,30,30,0,0,0,0,0,0,0,0,0,0,0,0,0,30,0,30,0,0,0,0.758,0.863,1.184,1.595,1.870,2.198,7,7,0,0.152088536,0.064,0.106
D86A,low,0.10,0,2,40,30,10,0,0,0,0,0,0,0,0,0,0,0,0,40,0,30,0,10,0,0.757,0.875,1.171,1.589,1.711,2.072,7,7,0,0.143843764,0.062,0.106
D86A,low,0.10,0,3,0,0,0,0,0,0,0,0,0,0,0,0,0,0,0,0,0,0,0,0,0,0.824,0.929,1.212,1.574,1.700,2.043,7,7,0,0.129714866,0.055,0.092
D86A,low,0.10,0,4,0,0,0,0,0,0,0,0,0,0,0,0,0,0,0,0,0,0,0,0,0,0.755,0.895,1.204,1.341,1.564,1.987,7,7,0,0.138237642,0.067,0.082
D86A,low,0.10,0,5,0,0,0,0,0,0,0,0,0,0,0,0,0,0,0,0,0,0,0,0,0,0.769,NA,NA,NA,NA,2.087,7,7,0,0.14262742,NA,NA
D86A,low,0.25,0,1,0,0,0,0,0,0,0,0,0,0,0,0,0,0,0,0,0,0,0,0,0,0.889,NA,NA,NA,NA,NA,NA,2,1,NA,NA,NA
D86A,low,0.25,0,2,30,30,0,10,0,10,0,0,0,0,0,0,0,0,0,30,10,30,0,10,10,0.735,0.885,1.008,1.372,1.508,1.955,7,7,0,0.139753568,0.045,0.089
D86A,low,0.25,0,3,0,0,0,0,0,0,0,0,0,0,0,0,0,0,0,0,0,0,0,0,0,0.874,0.894,1.115,1.562,1.730,2.224,7,7,0,0.13342604,0.035,0.083
D86A,low,0.25,0,4,0,0,0,0,0,0,0,0,0,0,0,0,0,0,0,0,0,0,0,0,0,0.873,0.886,1.079,1.496,1.651,2.071,7,7,0,0.123407329,0.030,0.077
D86A,low,0.25,0,5,0,0,0,0,0,0,0,0,0,0,0,0,0,0,0,0,0,0,0,0,0,0.753,NA,NA,NA,NA,1.963,7,7,0,0.136880567,NA,NA
D86A,low,0.50,0,1,0,0,0,0,0,0,0,0,0,0,0,0,0,0,0,0,0,0,0,0,0,0.808,0.808,0.923,1.172,1.445,NA,NA,6,1,NA,NA,NA
D86A,low,0.50,0,2,30,0,30,0,0,0,0,0,0,0,0,0,0,0,0,30,0,0,0,30,0,0.765,0.947,0.981,1.359,1.515,NA,NA,6,1,NA,NA,NA
D86A,low,0.50,0,3,10,0,10,30,0,30,0,0,0,0,0,0,0,0,0,30,30,0,0,30,30,0.733,0.808,0.808,0.954,NA,NA,NA,5,1,NA,NA,NA
D86A,low,0.50,0,4,0,0,0,0,0,0,0,0,0,0,0,0,0,0,0,0,0,0,0,0,0,0.848,0.962,1.189,1.658,1.906,2.174,7,7,0,0.134491919,0.048,0.096
D86A,low,0.50,0,5,10,0,10,10,0,10,0,0,0,0,0,0,0,0,0,10,10,0,0,10,10,0.770,0.797,NA,NA,NA,1.946,6,6,0,0.154523458,NA,NA
D86A,low,0.50,0,6,10,0,10,0,0,0,0,0,0,0,0,0,0,0,0,10,0,0,0,10,0,0.803,NA,NA,NA,NA,1.889,6,6,0,0.142574692,NA,NA
D86A,low,0.00,5,1,0,0,0,0,0,0,0,0,0,0,0,0,0,0,0,0,0,0,0,0,0,0.781,0.839,1.005,1.097,1.455,1.736,10,10,0,0.079876375,0.025,0.034
D86A,low,0.00,5,2,0,0,0,0,0,0,0,0,0,0,0,0,0,0,0,0,0,0,0,0,0,0.793,0.862,1.112,1.540,1.695,1.882,8,8,0,0.108033387,0.042,0.083
D86A,low,0.00,5,3,0,0,0,0,0,0,0,0,0,0,0,0,0,0,0,0,0,0,0,0,0,0.758,0.888,0.967,1.055,1.485,NA,NA,6,1,NA,NA,NA
D86A,low,0.00,5,4,0,0,0,0,0,0,0,0,0,0,0,0,0,0,0,0,0,0,0,0,0,0.697,0.748,0.755,0.809,NA,NA,NA,5,1,NA,NA,NA
D86A,low,0.00,5,5,10,0,10,0,0,0,0,0,0,0,0,0,0,0,0,10,0,0,0,10,0,0.737,NA,NA,NA,NA,1.811,7,7,0,0.128435224,NA,NA
D86A,low,0.00,5,6,10,0,10,0,0,0,0,0,0,0,0,0,0,0,0,10,0,0,0,10,0,0.773,NA,NA,NA,NA,1.846,7,7,0,0.124356767,NA,NA
D86A,low,0.10,5,1,30,0,30,0,0,0,0,0,0,0,0,0,0,0,0,30,0,0,0,30,0,0.715,0.791,0.963,0.978,1.100,2.024,9,9,0,0.115616499,0.033,0.035
D86A,low,0.10,5,2,40,30,10,0,0,0,0,0,0,0,0,0,0,0,0,40,0,30,0,10,0,0.690,0.739,0.758,0.912,0.939,NA,NA,6,1,NA,NA,NA
D86A,low,0.10,5,3,30,0,30,0,0,0,0,0,0,0,0,0,0,0,0,30,0,0,0,30,0,0.719,0.824,1.073,1.133,1.202,1.736,8,8,0,0.110184692,0.050,0.057
D86A,low,0.10,5,4,40,30,10,0,0,0,0,0,0,0,0,0,0,0,0,40,0,30,0,10,0,0.692,0.800,0.832,0.933,0.964,NA,NA,6,1,NA,NA,NA
D86A,low,0.10,5,5,10,0,10,0,0,0,0,0,0,0,0,0,0,0,0,10,0,0,0,10,0,0.732,NA,NA,NA,NA,1.797,7,7,0,0.128299053,NA,NA
D86A,low,0.10,5,6,10,0,10,0,0,0,0,0,0,0,0,0,0,0,0,10,0,0,0,10,0,0.773,NA,NA,NA,NA,1.806,7,7,0,0.121227241,NA,NA
D86A,low,0.25,5,1,0,0,0,0,0,0,0,0,0,0,0,0,0,0,0,0,0,0,0,0,0,0.824,0.832,1.013,1.196,1.364,1.913,10,10,0,0.084225744,0.021,0.037
D86A,low,0.25,5,2,0,0,0,0,0,0,0,0,0,0,0,0,0,0,0,0,0,0,0,0,0,0.834,0.837,1.072,1.437,1.703,1.774,7,7,0,0.10782268,0.036,0.078
D86A,low,0.25,5,3,30,0,30,0,0,0,0,0,0,0,0,0,0,0,0,30,0,0,0,30,0,0.754,0.832,1.038,1.080,1.376,1.881,10,10,0,0.091416646,0.032,0.036
D86A,low,0.25,5,4,40,30,10,0,0,0,0,0,0,0,0,0,0,0,0,40,0,30,0,10,0,0.743,0.808,0.928,1.192,1.571,2.053,7,7,0,0.145194482,0.032,0.068
D86A,low,0.50,5,1,0,0,0,0,0,0,0,0,0,0,0,0,0,0,0,0,0,0,0,0,0,0.641,0.779,1.016,1.289,1.429,NA,NA,6,1,NA,NA,NA
D86A,low,0.50,5,2,0,0,0,0,0,0,0,0,0,0,0,0,0,0,0,0,0,0,0,0,0,0.680,0.837,1.027,1.242,1.447,1.840,9,9,0,0.110603117,0.046,0.067
D86A,low,0.50,5,3,0,0,0,0,0,0,0,0,0,0,0,0,0,0,0,0,0,0,0,0,0,0.680,0.740,1.042,1.287,1.523,1.732,8,8,0,0.116867411,0.053,0.080
D86A,low,0.50,5,4,0,0,0,0,0,0,0,0,0,0,0,0,0,0,0,0,0,0,0,0,0,0.643,0.768,0.973,1.214,1.339,NA,NA,6,1,NA,NA,NA
D86A,low,0.50,5,5,0,0,0,0,0,0,0,0,0,0,0,0,0,0,0,0,0,0,0,0,0,0.754,NA,NA,NA,NA,1.726,6,6,0,0.138028251,NA,NA
D86A,low,0.50,5,6,0,0,0,0,0,0,0,0,0,0,0,0,0,0,0,0,0,0,0,0,0,0.759,NA,NA,NA,NA,1.867,7,7,0,0.128583767,NA,NA
D86A,low,0.00,10,1,10,0,10,0,0,0,0,0,0,0,0,0,0,0,0,10,0,0,0,10,0,0.793,0.940,1.057,1.175,1.510,2.008,9,9,0,0.10323014,0.032,0.044
D86A,low,0.00,10,2,0,0,0,0,0,0,0,0,0,0,0,0,0,0,0,0,0,0,0,0,0,0.816,0.933,1.015,1.241,1.698,NA,NA,6,1,NA,NA,NA
D86A,low,0.00,10,3,0,0,0,0,0,0,0,0,0,0,0,0,0,0,0,0,0,0,0,0,0,0.797,1.015,1.075,1.135,1.470,2.035,8,8,0,0.117174552,0.037,0.044
D86A,low,0.00,10,4,10,0,10,0,0,0,0,0,0,0,0,0,0,0,0,10,0,0,0,10,0,0.811,0.968,1.058,1.278,1.743,2.287,9,9,0,0.115192016,0.030,0.051
D86A,low,0.00,10,5,0,0,0,0,0,0,0,0,0,0,0,0,0,0,0,0,0,0,0,0,0,0.701,0.758,NA,NA,NA,1.769,9,9,0,0.102851312,NA,NA
D86A,low,0.10,10,1,0,0,0,0,0,0,0,0,0,0,0,0,0,0,0,0,0,0,0,0,0,0.763,NA,NA,NA,NA,1.977,10,10,0,0.095207779,NA,NA
D86A,low,0.10,10,2,0,0,0,0,0,0,0,0,0,0,0,0,0,0,0,0,0,0,0,0,0,0.738,NA,NA,NA,NA,1.853,9,9,0,0.102290822,NA,NA
D86A,low,0.10,10,3,10,0,10,0,0,0,0,0,0,0,0,0,0,0,0,10,0,0,0,10,0,0.760,NA,NA,NA,NA,1.856,9,9,0,0.09920672,NA,NA
D86A,low,0.10,10,4,0,0,0,0,0,0,0,0,0,0,0,0,0,0,0,0,0,0,0,0,0,0.746,NA,NA,NA,NA,1.840,10,10,0,0.090279525,NA,NA
D86A,low,0.25,10,1,20,0,20,0,0,0,0,0,0,0,0,0,0,0,0,20,0,0,0,20,0,0.721,0.801,0.974,1.119,1.438,NA,NA,6,1,NA,NA,NA
D86A,low,0.25,10,2,20,0,20,0,0,0,0,0,0,0,0,0,0,0,0,20,0,0,0,20,0,0.581,0.789,0.914,1.193,1.366,NA,NA,6,1,NA,NA,NA
D86A,low,0.25,10,3,30,30,0,0,0,0,0,0,0,0,0,0,0,0,0,30,0,30,0,0,0,0.717,0.868,1.113,1.476,1.638,NA,NA,6,1,NA,NA,NA
D86A,low,0.25,10,4,10,0,10,0,0,0,0,0,0,0,0,0,0,0,0,10,0,0,0,10,0,0.709,0.826,0.974,1.356,1.517,2.198,8,8,0,0.141430951,0.040,0.081
D86A,low,0.25,10,5,0,0,0,0,0,0,0,0,0,0,0,0,0,0,0,0,0,0,0,0,0,0.725,NA,NA,NA,NA,1.844,10,10,0,0.093352075,NA,NA
D86A,low,0.25,10,6,0,0,0,0,0,0,0,0,0,0,0,0,0,0,0,0,0,0,0,0,0,0.724,NA,NA,NA,NA,1.711,7,7,0,0.122863126,NA,NA
D86A,low,0.25,10,7,0,0,0,0,0,0,0,0,0,0,0,0,0,0,0,0,0,0,0,0,0,0.745,NA,NA,NA,NA,1.860,10,10,0,0.091494755,NA,NA
D86A,low,0.50,10,1,0,0,0,0,0,0,0,0,0,0,0,0,0,0,0,0,0,0,0,0,0,0.806,0.900,1.265,1.307,1.541,NA,NA,6,1,NA,NA,NA
D86A,low,0.50,10,2,20,0,20,0,0,0,0,0,0,0,0,0,0,0,0,20,0,0,0,20,0,0.887,1.080,1.565,1.857,1.976,2.160,7,7,0,0.127145503,0.081,0.106
D86A,low,0.50,10,3,10,0,10,10,0,10,0,0,0,0,0,0,0,0,0,10,10,0,0,10,10,0.849,0.996,1.440,1.725,1.872,2.127,7,7,0,0.131201233,0.075,0.101
D86A,low,0.50,10,4,0,0,0,0,0,0,0,0,0,0,0,0,0,0,0,0,0,0,0,0,0,0.936,1.129,1.162,1.378,1.456,NA,NA,6,1,NA,NA,NA
D86A,low,0.50,10,5,10,0,10,0,0,0,0,0,0,0,0,0,0,0,0,10,0,0,0,10,0,0.783,NA,NA,NA,NA,1.733,7,7,0,0.113496656,NA,NA
D86A,low,0.00,25,1,0,0,0,0,0,0,0,0,0,0,0,0,0,0,0,0,0,0,0,0,0,0.819,0.959,1.218,1.421,1.576,1.623,9,9,0,0.075994165,0.044,0.061
D86A,low,0.00,25,2,10,0,10,0,0,0,0,0,0,0,0,0,0,0,0,10,0,0,0,10,0,0.762,0.996,1.125,1.371,1.499,NA,NA,6,1,NA,NA,NA
D86A,low,0.00,25,3,0,0,0,0,0,0,0,0,0,0,0,0,0,0,0,0,0,0,0,0,0,0.839,0.973,1.184,1.393,1.521,NA,NA,6,1,NA,NA,NA
D86A,low,0.00,25,4,10,0,10,0,0,0,0,0,0,0,0,0,0,0,0,10,0,0,0,10,0,0.819,0.964,1.232,1.395,1.534,NA,NA,6,1,NA,NA,NA
D86A,low,0.00,25,5,10,0,10,0,0,0,0,0,0,0,0,0,0,0,0,10,0,0,0,10,0,0.728,NA,NA,NA,NA,1.633,11,11,0,0.073443004,NA,NA
D86A,low,0.00,25,6,0,0,0,0,0,0,0,0,0,0,0,0,0,0,0,0,0,0,0,0,0,0.760,NA,NA,NA,NA,1.588,10,10,0,0.073691221,NA,NA
D86A,low,0.00,25,7,0,0,0,0,0,0,0,0,0,0,0,0,0,0,0,0,0,0,0,0,0,0.750,NA,NA,NA,NA,1.558,10,10,0,0.073108502,NA,NA
D86A,low,0.00,25,8,0,0,0,0,0,0,0,0,0,0,0,0,0,0,0,0,0,0,0,0,0,0.758,NA,NA,NA,NA,1.614,10,10,0,0.075578746,NA,NA
D86A,low,0.10,25,1,0,0,0,0,0,0,0,0,0,0,0,0,0,0,0,0,0,0,0,0,0,0.767,NA,NA,NA,NA,1.493,10,10,0,0.0666056,NA,NA
D86A,low,0.10,25,2,10,0,10,0,0,0,0,0,0,0,0,0,0,0,0,10,0,0,0,10,0,0.754,NA,NA,NA,NA,1.598,10,10,0,0.075111576,NA,NA
D86A,low,0.25,25,1,10,0,10,0,0,0,0,0,0,0,0,0,0,0,0,10,0,0,0,10,0,0.721,0.780,0.979,1.144,1.438,NA,NA,6,1,NA,NA,NA
D86A,low,0.25,25,2,10,0,10,0,0,0,0,0,0,0,0,0,0,0,0,10,0,0,0,10,0,0.716,0.756,0.890,0.892,1.152,NA,NA,6,1,NA,NA,NA
D86A,low,0.25,25,3,10,0,10,0,0,0,0,0,0,0,0,0,0,0,0,10,0,0,0,10,0,0.721,0.836,1.072,1.295,1.686,1.894,7,7,0,0.137972448,0.057,0.084
D86A,low,0.25,25,4,10,0,10,0,0,0,0,0,0,0,0,0,0,0,0,10,0,0,0,10,0,0.702,0.721,0.772,0.827,1.019,NA,NA,6,1,NA,NA,NA
D86A,low,0.25,25,5,0,0,0,0,0,0,0,0,0,0,0,0,0,0,0,0,0,0,0,0,0,0.719,0.771,NA,NA,NA,1.519,11,11,0,0.067995104,NA,NA
D86A,low,0.25,25,6,50,30,20,10,0,10,0,0,0,0,0,0,0,0,0,50,10,30,0,20,10,0.662,0.821,NA,NA,NA,1.686,7,7,0,0.133549798,NA,NA
D86A,low,0.50,25,1,10,0,10,0,0,0,0,0,0,0,0,0,0,0,0,10,0,0,0,10,0,0.730,NA,NA,NA,NA,NA,NA,2,1,NA,NA,NA
D86A,low,0.50,25,2,0,0,0,0,0,0,0,0,0,0,0,0,0,0,0,0,0,0,0,0,0,0.844,0.853,1.102,1.406,1.624,1.772,7,7,0,0.105958805,0.038,0.073
D86A,low,0.50,25,3,0,0,0,0,0,0,0,0,0,0,0,0,0,0,0,0,0,0,0,0,0,0.715,0.824,0.991,1.008,1.346,NA,NA,6,1,NA,NA,NA
D86A,low,0.50,25,4,0,0,0,0,0,0,0,0,0,0,0,0,0,0,0,0,0,0,0,0,0,0.902,0.916,1.162,1.514,1.697,1.985,7,7,0,0.112679953,0.036,0.074
C14,high,0.00,0,1,70,30,40,0,0,0,0,0,0,0,0,0,0,0,0,70,0,30,0,40,0,0.784,0.920,1.179,1.196,1.470,2.163,6,6,0,0.169140401,0.068,0.070
C14,high,0.00,0,2,70,30,40,0,0,0,0,0,0,0,0,0,0,0,0,70,0,30,0,40,0,0.779,0.944,0.983,1.133,1.596,2.103,7,7,0,0.141872733,0.033,0.054
C14,high,0.00,0,3,20,0,20,0,0,0,0,0,0,0,0,0,0,0,0,20,0,0,0,20,0,0.765,0.807,0.960,1.227,1.639,2.021,6,6,0,0.161911981,0.038,0.079
C14,high,0.00,0,4,50,30,20,0,0,0,0,0,0,0,0,0,0,0,0,50,0,30,0,20,0,0.791,0.998,1.259,1.279,1.673,1.909,6,6,0,0.146839476,0.077,0.080
C14,high,0.00,0,5,40,30,10,0,0,0,0,0,0,0,0,0,0,0,0,40,0,30,0,10,0,0.774,0.961,NA,NA,NA,1.605,6,6,0,0.121551194,NA,NA
C14,high,0.10,0,1,60,30,30,10,0,10,0,0,0,0,0,0,0,0,0,60,10,30,0,30,10,0.951,1.002,1.351,1.698,2.144,2.144,5,5,0,0.162582892,0.070,0.116
C14,high,0.10,0,2,60,30,30,10,0,10,0,0,0,0,0,0,0,0,0,60,10,30,0,30,10,0.995,1.054,1.393,1.714,2.125,2.125,5,5,0,0.151756869,0.067,0.109
C14,high,0.10,0,3,60,30,30,0,0,0,0,0,0,NA,NA,NA,NA,NA,NA,60,0,30,0,30,0,0.743,0.923,1.083,NA,NA,NA,NA,4,1,NA,NA,NA
C14,high,0.10,0,4,70,30,40,0,0,0,0,0,0,0,0,0,NA,NA,NA,70,0,30,0,40,0,0.730,0.910,1.165,1.208,NA,NA,NA,5,1,NA,NA,NA
C14,high,0.10,0,5,50,30,20,0,0,0,0,0,0,0,0,0,0,0,0,50,0,30,0,20,0,0.764,1.010,1.290,NA,NA,2.384,6,6,0,0.189661207,0.087,NA
C14,high,0.10,0,6,30,0,30,70,30,40,0,0,0,0,0,0,0,0,0,70,70,30,30,40,40,0.736,0.745,0.893,NA,NA,1.961,6,6,0,0.163329951,0.032,NA
C14,high,0.25,0,1,80,50,30,60,30,30,40,30,10,0,0,0,0,0,0,80,60,50,30,30,30,0.972,1.024,1.055,1.299,2.071,2.193,6,6,0,0.135611657,0.014,0.048
C14,high,0.25,0,2,90,50,40,50,30,20,10,0,10,10,0,10,0,0,0,90,50,50,30,40,20,0.930,0.983,1.293,1.291,1.998,2.155,6,6,0,0.140060236,0.055,0.055
C14,high,0.25,0,3,80,50,30,80,0,80,90,50,40,30,30,,0,0,0,90,90,50,50,80,80,0.983,1.047,1.073,1.302,2.066,2.117,7,7,0,0.109592307,0.013,0.040
C14,high,0.25,0,4,80,50,30,50,30,20,50,30,20,0,0,0,0,0,0,80,50,50,30,30,20,0.969,1.035,1.082,1.328,2.056,2.168,6,6,0,0.134215958,0.018,0.053
C14,high,0.25,0,5,80,0,80,60,0,60,40,0,40,0,0,0,0,0,0,80,60,0,0,80,60,0.982,1.257,NA,NA,NA,2.349,6,6,0,0.145358946,NA,NA
C14,high,0.50,0,1,90,50,40,60,30,30,50,30,20,0,0,0,0,0,0,90,60,50,30,40,30,0.970,0.988,1.289,1.603,2.077,2.077,6,6,0,0.126897292,0.047,0.084
C14,high,0.50,0,2,80,50,30,80,50,30,50,30,20,0,0,0,0,0,0,80,80,50,50,30,30,0.949,0.988,1.227,1.573,1.919,2.203,8,8,0,0.105270819,0.032,0.063
C14,high,0.50,0,3,90,50,40,20,0,20,20,0,20,0,0,0,0,0,0,90,20,50,0,40,20,1.006,1.018,1.334,1.661,2.042,2.042,6,6,0,0.117991275,0.047,0.084
C14,high,0.50,0,4,90,50,40,50,30,20,40,30,10,0,0,0,0,0,0,90,50,50,30,40,20,1.007,1.017,1.326,1.646,2.077,2.077,6,6,0,0.120658155,0.046,0.082
C14,high,0.00,5,1,50,30,20,0,0,0,0,0,0,0,0,0,0,0,0,50,0,30,0,20,0,0.777,0.967,0.983,1.204,1.633,2.031,7,7,0,0.137263316,0.034,0.063
C14,high,0.00,5,2,60,30,30,0,0,0,0,0,0,0,0,0,0,0,0,60,0,30,0,30,0,0.776,0.970,0.978,1.149,1.454,2.241,8,8,0,0.132565619,0.029,0.049
C14,high,0.00,5,3,60,30,30,70,30,40,0,0,0,0,0,0,0,0,0,70,70,30,30,40,40,0.777,0.780,0.915,1.218,1.548,2.114,8,8,0,0.125112102,0.020,0.056
C14,high,0.00,5,4,40,30,10,50,30,20,0,0,0,0,0,0,0,0,0,50,50,30,30,20,20,0.768,0.770,0.907,1.159,1.503,2.120,7,7,0,0.145054519,0.024,0.059
C14,high,0.00,5,5,50,30,20,0,0,0,0,0,0,0,0,0,0,0,0,50,0,30,0,20,0,0.726,0.982,1.073,1.273,NA,2.112,6,6,0,0.177973438,0.065,0.094
C14,high,0.10,5,1,60,30,30,70,30,40,30,30,0,0,0,0,0,0,0,70,70,30,30,40,40,0.991,1.030,1.356,1.686,1.714,2.215,7,7,0,0.114899021,0.045,0.076
C14,high,0.10,5,2,70,30,40,60,30,30,0,0,0,0,0,0,0,0,0,70,60,30,30,40,30,0.986,1.022,1.360,1.560,1.876,2.279,8,8,0,0.104729459,0.040,0.057
C14,high,0.10,5,3,50,30,20,0,0,0,0,0,0,0,0,0,0,0,0,50,0,30,0,20,0,0.782,0.935,1.257,1.534,1.989,2.253,7,7,0,0.151166171,0.068,0.096
C14,high,0.10,5,4,60,30,30,0,0,0,0,0,0,0,0,0,0,0,0,60,0,30,0,30,0,0.774,0.836,1.128,1.454,1.869,2.215,7,7,0,0.150205116,0.054,0.090
C14,high,0.10,5,5,60,30,30,0,0,0,0,0,0,0,0,0,0,0,0,60,0,30,0,30,0,0.691,0.908,1.171,NA,NA,2.081,6,6,0,0.183744,0.088,NA
C14,high,0.25,5,1,60,30,30,30,0,30,30,0,30,0,0,0,0,0,0,60,30,30,0,30,30,0.992,1.010,1.317,1.682,2.074,2.074,6,6,0,0.122918547,0.047,0.088
C14,high,0.25,5,2,90,50,40,30,0,30,0,0,0,0,0,0,0,0,0,90,30,50,0,40,30,0.967,1.049,1.333,1.645,2.060,2.060,6,6,0,0.126043794,0.053,0.089
C14,high,0.25,5,3,70,30,40,0,0,0,0,0,0,0,0,0,0,0,0,70,0,30,0,40,0,0.986,0.996,1.215,1.569,1.997,2.258,7,7,0,0.118368341,0.030,0.066
C14,high,0.25,5,4,50,30,20,0,0,0,0,0,0,0,0,0,0,0,0,50,0,30,0,20,0,0.997,1.003,1.244,1.614,1.640,1.911,6,6,0,0.108438529,0.037,0.080
C14,high,0.25,5,5,50,30,20,20,0,20,0,0,0,0,0,0,0,0,0,50,20,30,0,20,20,0.766,0.974,1.282,NA,NA,2.248,6,6,0,0.179435674,0.086,NA
C14,high,0.50,5,1,80,50,30,20,0,20,10,0,10,0,0,0,0,0,0,80,20,50,0,30,20,1.025,1.030,1.274,1.648,2.010,2.010,6,6,0,0.112240352,0.036,0.079
C14,high,0.50,5,2,70,30,40,50,30,20,0,0,0,0,0,0,0,0,0,70,50,30,30,40,20,1.011,1.019,1.258,1.665,2.044,2.044,6,6,0,0.117328122,0.036,0.083
C14,high,0.50,5,3,80,50,30,20,0,20,0,0,0,0,0,0,0,0,0,80,20,50,0,30,20,0.996,0.999,1.284,1.636,1.973,1.973,6,6,0,0.113927208,0.042,0.083
C14,high,0.50,5,4,70,30,40,20,0,20,0,0,0,0,0,0,0,0,0,70,20,30,0,40,20,1.014,1.018,1.263,1.649,2.009,2.099,7,7,0,0.103936877,0.031,0.069
C14,high,0.00,10,1,30,0,30,0,0,0,0,0,0,0,0,0,0,0,0,30,0,0,0,30,0,0.759,0.984,1.200,1.572,1.582,1.844,7,7,0,0.126812947,0.065,0.104
C14,high,0.00,10,2,60,30,30,20,0,20,0,0,0,0,0,0,0,0,0,60,20,30,0,30,20,0.737,0.923,1.180,1.181,1.459,1.960,8,8,0,0.122263983,0.059,0.059
C14,high,0.00,10,3,30,0,30,0,0,0,0,0,0,0,0,0,0,0,0,30,0,0,0,30,0,0.715,0.924,1.186,1.383,1.460,1.891,8,8,0,0.121572316,0.063,0.082
C14,high,0.00,10,4,20,0,20,0,0,0,0,0,0,0,0,0,0,0,0,20,0,0,0,20,0,0.719,1.021,1.307,1.580,1.891,1.891,5,5,0,0.193399942,0.120,0.157
C14,high,0.10,10,1,70,30,40,10,0,10,0,0,0,0,0,0,0,0,0,70,10,30,0,40,10,0.885,0.991,1.299,1.675,2.055,2.055,6,6,0,0.140407247,0.064,0.106
C14,high,0.10,10,2,80,30,50,10,0,10,0,0,0,0,0,0,0,0,0,80,10,30,0,50,10,0.870,0.922,1.173,1.583,1.775,1.964,7,7,0,0.116320754,0.043,0.086
C14,high,0.10,10,3,60,30,30,0,0,0,0,0,0,0,0,0,0,0,0,60,0,30,0,30,0,0.775,0.952,NA,NA,NA,NA,NA,3,1,NA,NA,NA
C14,high,0.10,10,4,40,30,10,0,0,0,0,0,0,0,0,0,0,0,0,40,0,30,0,10,0,0.780,0.933,NA,NA,NA,NA,NA,3,1,NA,NA,NA
C14,high,0.10,10,5,50,30,20,10,0,10,0,0,0,0,0,0,0,0,0,50,10,30,0,20,10,0.731,0.905,NA,NA,NA,1.965,8,8,0,0.123604258,NA,NA
C14,high,0.10,10,6,60,30,30,10,0,10,0,0,0,0,0,0,0,0,0,60,10,30,0,30,10,0.732,0.925,NA,NA,NA,1.948,8,8,0,0.122347246,NA,NA
C14,high,0.10,10,7,50,30,20,60,30,30,0,0,0,0,0,0,0,0,0,60,60,30,30,30,30,0.651,0.811,NA,NA,NA,1.749,7,7,0,0.141184262,NA,NA
C14,high,0.25,10,1,80,30,50,70,50,20,30,0,30,0,0,0,0,0,0,80,70,50,50,50,30,0.994,1.038,1.342,1.725,2.100,2.100,6,6,0,0.124659236,0.050,0.092
C14,high,0.25,10,2,80,50,30,80,50,30,10,0,10,0,0,0,0,0,0,80,80,50,50,30,30,0.945,0.962,1.280,NA,NA,NA,NA,4,1,NA,NA,NA
C14,high,0.25,10,3,60,30,30,30,0,30,30,0,30,0,0,0,0,0,0,60,30,30,0,30,30,0.781,0.951,1.241,NA,NA,NA,NA,4,1,NA,NA,NA
C14,high,0.25,10,4,70,30,40,70,30,40,20,0,20,20,0,20,0,0,0,70,70,30,30,40,40,0.779,0.830,1.252,1.595,1.597,1.927,7,7,0,0.129386946,0.068,0.102
C14,high,0.25,10,5,80,50,30,80,50,30,60,30,30,0,0,0,0,0,0,80,80,50,50,30,30,0.739,0.939,1.150,1.153,1.363,1.777,7,7,0,0.125340558,0.063,0.064
C14,high,0.25,10,6,60,30,30,30,0,30,0,0,0,0,0,0,0,0,0,60,30,30,0,30,30,0.660,0.798,NA,NA,NA,1.731,7,7,0,0.13774496,NA,NA
C14,high,0.25,10,7,50,30,20,20,0,20,0,0,0,0,0,0,0,0,0,50,20,30,0,20,20,0.655,0.807,NA,NA,NA,1.794,7,7,0,0.143938258,NA,NA
C14,high,0.50,10,1,100,50,50,30,0,30,30,0,30,0,0,0,0,0,0,100,30,50,0,50,30,0.966,0.976,1.152,1.393,1.728,2.106,8,8,0,0.097422732,0.022,0.046
C14,high,0.50,10,2,80,50,30,80,50,30,80,50,30,0,0,0,0,0,0,80,80,50,50,30,30,0.890,0.896,1.045,1.282,1.577,2.005,8,8,0,0.101522235,0.020,0.046
C14,high,0.50,10,3,100,50,50,90,50,40,80,50,30,10,0,10,0,0,0,100,90,50,50,50,40,0.884,0.892,1.113,1.482,1.820,2.307,7,7,0,0.137035171,0.033,0.074
C14,high,0.50,10,4,110,50,60,30,0,30,30,0,30,30,0,30,0,0,0,110,30,50,0,60,30,0.880,0.881,1.128,1.467,1.824,2.357,7,7,0,0.140746142,0.035,0.073
C14,high,0.00,25,1,90,50,40,0,0,0,0,0,0,0,0,0,0,0,0,90,0,50,0,40,0,0.771,0.924,0.937,1.105,1.163,NA,NA,6,1,NA,NA,NA
C14,high,0.00,25,2,60,30,30,0,0,0,0,0,0,0,0,0,0,0,0,60,0,30,0,30,0,0.754,0.932,1.197,1.206,1.210,NA,NA,6,1,NA,NA,NA
C14,high,0.00,25,3,70,30,40,0,0,0,0,0,0,0,0,0,0,0,0,70,0,30,0,40,0,0.772,0.913,1.090,1.120,1.224,NA,NA,6,1,NA,NA,NA
C14,high,0.00,25,4,60,30,30,0,0,0,0,0,0,0,0,0,0,0,0,60,0,30,0,30,0,0.780,0.940,1.162,1.201,1.212,NA,NA,6,1,NA,NA,NA
C14,high,0.00,25,5,40,0,40,0,0,0,0,0,0,0,0,0,0,0,0,40,0,0,0,40,0,0.794,0.904,0.962,1.103,NA,1.700,12,12,0,0.063441672,0.016,0.027
C14,high,0.00,25,6,20,0,20,0,0,0,0,0,0,0,0,0,0,0,0,20,0,0,0,20,0,0.757,0.873,0.921,1.050,NA,1.428,12,12,0,0.052888907,0.016,0.027
C14,high,0.10,25,1,70,30,40,10,0,10,0,0,0,0,0,0,0,0,0,70,10,30,0,40,10,0.752,0.875,1.017,1.205,NA,NA,NA,5,1,NA,NA,NA
C14,high,0.10,25,2,60,30,30,0,0,0,0,0,0,0,0,0,0,0,0,60,0,30,0,30,0,0.788,0.904,1.130,1.184,NA,NA,NA,5,1,NA,NA,NA
C14,high,0.10,25,3,20,0,20,10,0,10,0,0,0,0,0,0,0,0,0,20,10,0,0,20,10,0.790,0.919,1.074,1.141,NA,NA,NA,5,1,NA,NA,NA
C14,high,0.10,25,4,50,30,20,0,0,0,0,0,0,0,0,0,0,0,0,50,0,30,0,20,0,0.771,0.899,1.072,1.138,NA,NA,NA,5,1,NA,NA,NA
C14,high,0.10,25,5,50,30,20,60,30,30,0,0,0,0,0,0,0,0,0,60,60,30,30,30,30,0.656,0.823,NA,NA,NA,1.594,8,8,0,0.110980134,NA,NA
C14,high,0.10,25,6,50,30,20,60,30,30,0,0,0,0,0,0,0,0,0,60,60,30,30,30,30,0.687,0.837,NA,NA,NA,1.641,8,8,0,0.10884085,NA,NA
C14,high,0.25,25,1,80,50,30,50,30,20,30,0,30,30,0,30,0,0,0,80,50,50,30,30,30,0.977,1.017,1.032,1.332,1.673,NA,NA,6,1,NA,NA,NA
C14,high,0.25,25,2,80,50,30,50,30,20,30,0,30,0,0,0,0,0,0,80,50,50,30,30,30,0.968,NA,NA,NA,NA,NA,NA,2,1,NA,NA,NA
C14,high,0.25,25,3,50,0,50,30,0,30,30,0,30,0,0,0,0,0,0,50,30,0,0,50,30,0.726,0.836,0.852,1.044,NA,1.789,11,11,0,0.081987461,0.015,0.033
C14,high,0.25,25,4,50,0,50,0,0,0,0,0,0,0,0,0,0,0,0,50,0,0,0,50,0,0.742,0.844,0.866,1.032,NA,1.814,11,11,0,0.081267308,0.014,0.030
C14,high,0.25,25,5,50,30,20,10,0,10,0,0,0,0,0,0,0,0,0,50,10,30,0,20,10,0.662,0.821,NA,NA,NA,1.686,7,7,0,0.133549798,NA,NA
C14,high,0.50,25,1,70,30,40,NA,NA,NA,NA,NA,NA,NA,NA,NA,NA,NA,NA,70,0,30,0,40,0,0.971,NA,NA,NA,NA,NA,NA,2,1,NA,NA,NA
C14,high,0.50,25,2,60,30,30,80,50,30,30,0,30,30,0,30,0,0,0,80,80,50,50,30,30,0.872,0.896,1.120,1.424,1.630,NA,NA,6,1,NA,NA,NA
C14,high,0.50,25,3,60,30,30,50,30,20,30,0,30,20,0,20,0,0,0,60,50,30,30,30,30,0.808,0.944,1.263,1.271,1.575,NA,NA,6,1,NA,NA,NA
C14,high,0.50,25,4,60,30,30,30,0,30,30,0,30,30,0,30,0,0,0,60,30,30,0,30,30,0.794,0.940,1.257,1.261,1.597,NA,NA,6,1,NA,NA,NA
C14,high,0.50,25,5,30,0,30,60,0,60,60,0,60,30,0,30,0,0,0,60,60,0,0,60,60,0.747,0.907,0.993,1.044,1.278,1.908,11,11,0,0.085249606,0.026,0.030
C14,high,0.50,25,6,80,0,80,30,0,30,40,0,40,10,0,10,0,0,0,80,40,0,0,80,40,0.760,0.902,0.979,1.059,1.246,1.815,11,11,0,0.079138392,0.023,0.030
C14,high,0.50,25,7,60,0,60,50,0,50,70,0,70,30,0,30,0,0,0,70,70,0,0,70,70,0.748,0.969,0.976,1.179,1.508,1.775,8,8,0,0.10801909,0.033,0.057
D87A,low,0.00,0,1,10,0,10,0,0,0,0,0,0,0,0,0,0,0,0,10,0,0,0,10,0,0.794,0.894,1.127,1.389,1.425,2.018,8,8,0,0.116597342,0.044,0.070
D87A,low,0.00,0,2,10,0,10,0,0,0,0,0,0,0,0,0,0,0,0,10,0,0,0,10,0,0.773,0.899,1.124,1.377,1.425,1.974,8,8,0,0.117192271,0.047,0.072
D87A,low,0.00,0,3,10,0,10,0,0,0,0,0,0,0,0,0,0,0,0,10,0,0,0,10,0,0.774,0.896,1.129,1.386,1.436,NA,NA,6,1,NA,NA,NA
D87A,low,0.00,0,4,10,0,10,0,0,0,0,0,0,0,0,0,0,0,0,10,0,0,0,10,0,0.797,0.829,1.030,1.077,1.227,NA,NA,6,1,NA,NA,NA
D87A,low,0.00,0,5,0,0,0,0,0,0,0,0,0,0,0,0,0,0,0,0,0,0,0,0,0,0.752,1.000,0.980,NA,NA,1.913,6,6,0,0.155615274,0.044,NA
D87A,low,0.00,0,6,0,0,0,0,0,0,0,0,0,0,0,0,0,0,0,0,0,0,0,0,0,0.790,1.022,1.338,NA,NA,1.927,6,6,0,0.148614454,0.088,NA
D87A,low,0.00,0,7,0,0,0,0,0,0,0,0,0,0,0,0,0,0,0,0,0,0,0,0,0,0.784,1.027,1.109,NA,NA,2.000,6,6,0,0.15608224,0.058,NA
D87A,low,0.00,0,8,0,0,0,0,0,0,0,0,0,0,0,0,0,0,0,0,0,0,0,0,0,0.747,0.981,0.953,NA,NA,1.973,6,6,0,0.16187422,0.041,NA
D87A,low,0.10,0,1,10,0,10,0,0,0,0,0,0,0,0,0,0,0,0,10,0,0,0,10,0,0.821,0.875,1.150,1.195,1.455,2.123,8,8,0,0.118757794,0.042,0.047
D87A,low,0.10,0,2,0,0,0,0,0,0,0,0,0,0,0,0,0,0,0,0,0,0,0,0,0,0.784,0.905,1.117,1.196,1.472,2.145,8,8,0,0.125810726,0.044,0.053
D87A,low,0.10,0,3,30,0,30,0,0,0,0,0,0,0,0,0,0,0,0,30,0,0,0,30,0,0.808,0.815,NA,0.917,1.140,NA,NA,6,1,NA,NA,NA
D87A,low,0.10,0,4,10,0,10,0,0,0,0,0,0,0,0,0,0,0,0,10,0,0,0,10,0,0.807,0.941,1.209,1.179,1.519,1.838,7,7,0,0.117587091,0.058,0.054
D87A,low,0.10,0,5,0,0,0,0,0,0,0,0,0,0,0,0,0,0,0,0,0,0,0,0,0,0.769,0.971,0.994,NA,NA,1.990,6,6,0,0.158466491,0.043,NA
D87A,low,0.25,0,1,10,0,10,0,0,0,0,0,0,0,0,0,0,0,0,10,0,0,0,10,0,0.785,0.890,1.150,1.414,1.468,2.211,8,8,0,0.129439558,0.048,0.074
D87A,low,0.25,0,2,10,0,10,0,0,0,0,0,0,0,0,0,0,0,0,10,0,0,0,10,0,0.791,0.926,1.205,1.185,1.531,2.017,6,6,0,0.156011428,0.070,0.067
D87A,low,0.25,0,3,10,0,10,0,0,0,0,0,0,0,0,0,0,0,0,10,0,0,0,10,0,0.767,0.843,1.100,1.334,1.424,2.098,8,8,0,0.125781623,0.045,0.069
D87A,low,0.25,0,4,0,0,0,0,0,0,0,0,0,0,0,0,0,0,0,0,0,0,0,0,0,0.843,0.969,1.261,1.238,1.644,2.085,7,7,0,0.129365311,0.058,0.055
D87A,low,0.50,0,1,10,0,10,0,0,0,0,0,0,0,0,0,0,0,0,10,0,0,0,10,0,0.795,0.928,1.222,1.514,1.590,2.250,8,8,0,0.130042923,0.054,0.081
D87A,low,0.50,0,2,10,0,10,0,0,0,0,0,0,0,0,0,0,0,0,10,0,0,0,10,0,0.820,0.969,1.210,1.276,1.609,2.145,6,6,0,0.160265082,0.065,0.074
D87A,low,0.50,0,3,0,0,0,0,0,0,0,0,0,0,0,0,0,0,0,0,0,0,0,0,0,0.759,0.851,1.105,1.156,1.420,2.161,8,8,0,0.130790572,0.047,0.053
D87A,low,0.50,0,4,10,0,10,0,0,0,0,0,0,0,0,0,0,0,0,10,0,0,0,10,0,0.787,0.939,1.187,1.189,1.568,2.122,6,6,0,0.165314345,0.068,0.069
D87A,low,0.00,5,1,0,0,0,0,0,0,0,0,0,0,0,0,0,0,0,0,0,0,0,0,0,0.804,0.954,1.204,1.284,1.578,2.068,6,6,0,0.157456328,0.067,0.078
D87A,low,0.00,5,2,0,0,0,0,0,0,0,0,0,0,0,0,0,0,0,0,0,0,0,0,0,0.822,0.949,1.217,1.265,1.531,2.015,6,6,0,0.149439013,0.065,0.072
D87A,low,0.00,5,3,0,0,0,0,0,0,0,0,0,0,0,0,0,0,0,0,0,0,0,0,0,0.817,0.965,1.242,1.287,1.580,2.083,6,6,0,0.155987558,0.070,0.076
D87A,low,0.00,5,4,0,0,0,0,0,0,0,0,0,0,0,0,0,0,0,0,0,0,0,0,0,0.781,0.909,1.146,1.217,1.457,2.086,8,8,0,0.122803561,0.048,0.055
D87A,low,0.10,5,1,0,0,0,0,0,0,0,0,0,0,0,0,0,0,0,0,0,0,0,0,0,0.786,0.908,1.141,1.459,1.506,2.123,8,8,0,0.124203584,0.047,0.077
D87A,low,0.10,5,2,10,0,10,0,0,0,0,0,0,0,0,0,0,0,0,10,0,0,0,10,0,0.770,0.817,1.019,1.246,1.309,1.972,8,8,0,0.117551628,0.035,0.060
D87A,low,0.10,5,3,30,30,0,0,0,0,0,0,0,0,0,0,0,0,0,30,0,30,0,0,0,0.746,0.779,NA,NA,NA,NA,NA,3,1,NA,NA,NA
D87A,low,0.10,5,4,0,0,0,0,0,0,0,0,0,0,0,0,0,0,0,0,0,0,0,0,0,0.805,0.886,1.145,1.216,1.459,2.133,8,8,0,0.121805305,0.044,0.052
D87A,low,0.10,5,5,0,0,0,0,0,0,0,0,0,0,0,0,0,0,0,0,0,0,0,0,0,0.749,0.951,0.960,NA,NA,1.881,6,6,0,0.153469974,0.041,NA
D87A,low,0.25,5,1,10,0,10,0,0,0,0,0,0,0,0,0,0,0,0,10,0,0,0,10,0,0.807,0.949,1.202,1.534,1.576,2.149,6,6,0,0.163239038,0.066,0.107
D87A,low,0.25,5,2,40,30,10,0,0,0,0,0,0,0,0,0,0,0,0,40,0,30,0,10,0,0.803,0.929,1.189,1.480,1.556,2.254,8,8,0,0.129013373,0.049,0.076
D87A,low,0.25,5,3,30,30,0,0,0,0,0,0,0,0,0,0,0,0,0,30,0,30,0,0,0,0.806,0.943,1.214,1.525,1.561,2.189,8,8,0,0.124889544,0.051,0.080
D87A,low,0.25,5,4,30,30,0,0,0,0,0,0,0,0,0,0,0,0,0,30,0,30,0,0,0,0.802,0.830,1.003,1.088,1.260,1.847,8,8,0,0.104276172,0.028,0.038
D87A,low,0.50,5,1,0,0,0,0,0,0,0,0,0,0,0,0,0,0,0,0,0,0,0,0,0,0.785,0.944,1.204,1.244,1.553,2.097,6,6,0,0.163763219,0.071,0.077
D87A,low,0.50,5,2,30,30,0,0,0,0,0,0,0,0,0,0,0,0,0,30,0,30,0,0,0,0.768,0.863,1.114,1.171,1.403,2.118,8,8,0,0.126804724,0.046,0.053
D87A,low,0.50,5,3,30,30,0,0,0,0,0,0,0,0,0,0,0,0,0,30,0,30,0,0,0,0.798,0.943,1.237,1.299,1.631,2.164,6,6,0,0.166267507,0.073,0.081
D87A,low,0.50,5,4,30,30,0,0,0,0,0,0,0,0,0,0,0,0,0,30,0,30,0,0,0,0.801,0.919,1.186,1.478,1.536,2.251,8,8,0,0.129158612,0.049,0.077
D87A,low,0.00,10,1,0,0,0,0,0,0,0,0,0,0,0,0,0,0,0,0,0,0,0,0,0,0.813,0.913,0.937,1.058,1.318,1.881,8,8,0,0.104853465,0.018,0.033
D87A,low,0.00,10,2,0,0,0,0,0,0,0,0,0,0,0,0,0,0,0,0,0,0,0,0,0,0.812,0.956,1.189,1.237,1.478,2.030,8,8,0,0.114536341,0.048,0.053
D87A,low,0.00,10,3,0,0,0,0,0,0,0,0,0,0,0,0,0,0,0,0,0,0,0,0,0,0.807,0.984,1.233,1.280,1.541,1.793,7,7,0,0.114045972,0.061,0.066
D87A,low,0.00,10,4,0,0,0,0,0,0,0,0,0,0,0,0,0,0,0,0,0,0,0,0,0,0.802,0.946,1.175,1.238,1.470,1.849,7,7,0,0.119327375,0.055,0.062
D87A,low,0.10,10,1,0,0,0,0,0,0,0,0,0,0,0,0,0,0,0,0,0,0,0,0,0,0.812,0.939,1.237,1.281,1.590,1.800,7,7,0,0.113720229,0.060,0.065
D87A,low,0.10,10,2,0,0,0,0,0,0,0,0,0,0,0,0,0,0,0,0,0,0,0,0,0,0.825,0.972,1.225,1.200,1.528,1.893,7,7,0,0.118647824,0.056,0.054
D87A,low,0.10,10,3,30,30,0,0,0,0,0,0,0,0,0,0,0,0,0,30,0,30,0,0,0,0.801,0.933,1.222,1.260,1.550,1.987,8,8,0,0.113565037,0.053,0.057
D87A,low,0.10,10,4,0,0,0,0,0,0,0,0,0,0,0,0,0,0,0,0,0,0,0,0,0,0.818,0.935,0.956,1.140,1.433,1.973,9,9,0,0.097827574,0.017,0.037
D87A,low,0.25,10,1,0,0,0,0,0,0,0,0,0,0,0,0,0,0,0,0,0,0,0,0,0,0.757,0.807,0.967,1.029,1.237,NA,NA,6,1,NA,NA,NA
D87A,low,0.25,10,2,0,0,0,0,0,0,0,0,0,0,0,0,0,0,0,0,0,0,0,0,0,0.759,0.882,1.148,1.384,1.436,2.074,8,8,0,0.125654076,0.052,0.075
D87A,low,0.25,10,3,30,30,0,0,0,0,0,0,0,0,0,0,0,0,0,30,0,30,0,0,0,0.797,0.910,1.158,1.486,1.526,2.193,8,8,0,0.126521384,0.047,0.078
D87A,low,0.25,10,4,10,0,10,0,0,0,0,0,0,0,0,0,0,0,0,10,0,0,0,10,0,0.767,0.876,1.141,1.411,1.452,2.146,8,8,0,0.128609265,0.050,0.076
D87A,low,0.25,10,5,10,0,10,0,0,0,0,0,0,0,0,0,0,0,0,10,0,0,0,10,0,0.794,0.925,1.013,NA,NA,1.936,10,10,0,0.089129581,0.024,NA
D87A,low,0.50,10,1,0,0,0,0,0,0,0,0,0,0,0,0,0,0,0,0,0,0,0,0,0,0.824,0.959,1.300,1.328,1.646,2.211,6,6,0,0.164504942,0.076,0.080
D87A,low,0.50,10,2,10,0,10,0,0,0,0,0,0,0,0,0,0,0,0,10,0,0,0,10,0,0.790,0.894,1.148,1.445,1.490,2.128,8,8,0,0.123863113,0.047,0.075
D87A,low,0.50,10,3,30,30,0,0,0,0,0,0,0,0,0,0,0,0,0,30,0,30,0,0,0,0.814,0.946,0.971,1.178,1.535,2.029,8,8,0,0.114167247,0.022,0.046
D87A,low,0.50,10,4,10,0,10,0,0,0,0,0,0,0,0,0,0,0,0,10,0,0,0,10,0,0.779,0.915,1.138,1.415,1.482,2.229,7,7,0,0.150185327,0.054,0.085
D87A,low,0.00,25,1,10,0,10,0,0,0,0,0,0,0,0,0,0,0,0,10,0,0,0,10,0,0.803,0.926,1.026,1.086,1.211,NA,NA,6,1,NA,NA,NA
D87A,low,0.00,25,2,0,0,0,0,0,0,0,0,0,0,0,0,0,0,0,0,0,0,0,0,0,0.763,0.881,1.092,1.168,1.206,NA,NA,6,1,NA,NA,NA
D87A,low,0.00,25,3,0,0,0,0,0,0,0,0,0,0,0,0,0,0,0,0,0,0,0,0,0,0.797,0.893,1.140,1.205,1.442,NA,NA,6,1,NA,NA,NA
D87A,low,0.00,25,4,0,0,0,0,0,0,0,0,0,0,0,0,0,0,0,0,0,0,0,0,0,0.790,0.887,1.052,1.063,1.254,NA,NA,6,1,NA,NA,NA
D87A,low,0.00,25,5,0,0,0,0,0,0,0,0,0,0,0,0,0,0,0,0,0,0,0,0,0,0.801,0.939,0.946,NA,NA,1.498,12,12,0,0.052168768,0.014,NA
D87A,low,0.00,25,6,0,0,0,0,0,0,0,0,0,0,0,0,0,0,0,0,0,0,0,0,0,0.785,0.913,0.914,NA,NA,1.793,11,11,0,0.075087432,0.014,NA
D87A,low,0.00,25,7,0,0,0,0,0,0,0,0,0,0,0,0,0,0,0,0,0,0,0,0,0,0.781,0.903,0.991,NA,NA,1.472,12,12,0,0.052816846,0.020,NA
D87A,low,0.00,25,8,0,0,0,0,0,0,0,0,0,0,0,0,0,0,0,0,0,0,0,0,0,0.762,0.871,0.884,NA,NA,1.578,12,12,0,0.060663912,0.012,NA
D87A,low,0.10,25,1,10,0,10,0,0,0,0,0,0,0,0,0,0,0,0,10,0,0,0,10,0,0.780,0.888,1.070,1.266,1.306,NA,NA,6,1,NA,NA,NA
D87A,low,0.10,25,2,10,0,10,0,0,0,0,0,0,0,0,0,0,0,0,10,0,0,0,10,0,0.768,0.857,0.958,0.959,1.092,NA,NA,6,1,NA,NA,NA
D87A,low,0.10,25,3,10,0,10,0,0,0,0,0,0,0,0,0,0,0,0,10,0,0,0,10,0,0.813,0.870,1.040,1.048,1.292,NA,NA,6,1,NA,NA,NA
D87A,low,0.10,25,4,10,0,10,0,0,0,0,0,0,0,0,0,0,0,0,10,0,0,0,10,0,0.756,0.853,1.059,1.145,1.200,NA,NA,6,1,NA,NA,NA
D87A,low,0.10,25,5,30,0,30,0,0,0,0,0,0,0,0,0,0,0,0,30,0,0,0,30,0,0.800,0.919,0.921,NA,NA,1.773,11,11,0,0.072346962,0.013,NA
D87A,low,0.10,25,6,0,0,0,0,0,0,0,0,0,0,0,0,0,0,0,0,0,0,0,0,0,0.763,0.880,0.880,NA,NA,1.504,13,13,0,0.052201959,0.011,NA
D87A,low,0.10,25,7,30,0,30,0,0,0,0,0,0,0,0,0,0,0,0,30,0,0,0,30,0,0.754,0.879,0.881,NA,NA,1.613,12,12,0,0.063371559,0.013,NA
D87A,low,0.10,25,8,30,0,30,0,0,0,0,0,0,0,0,0,0,0,0,30,0,0,0,30,0,0.766,0.759,0.872,NA,NA,1.553,13,13,0,0.054366281,0.010,NA
D87A,low,0.10,25,9,0,0,0,0,0,0,0,0,0,0,0,0,0,0,0,0,0,0,0,0,0,0.775,0.944,NA,NA,NA,1.661,10,10,0,0.076231208,NA,NA
D87A,low,0.10,25,10,10,0,10,0,0,0,0,0,0,0,0,0,0,0,0,10,0,0,0,10,0,0.770,0.960,NA,NA,NA,1.758,13,13,0,0.063503197,NA,NA
D87A,low,0.25,25,1,0,0,0,0,0,0,0,0,0,0,0,0,0,0,0,0,0,0,0,0,0,0.798,0.907,1.177,1.145,1.506,NA,NA,6,1,NA,NA,NA
D87A,low,0.25,25,2,10,0,10,0,0,0,0,0,0,0,0,0,0,0,0,10,0,0,0,10,0,0.710,0.803,1.059,1.321,1.377,NA,NA,6,1,NA,NA,NA
D87A,low,0.25,25,3,10,0,10,0,0,0,0,0,0,0,0,0,0,0,0,10,0,0,0,10,0,0.794,0.926,1.169,1.433,1.473,NA,NA,6,1,NA,NA,NA
D87A,low,0.25,25,4,10,0,10,0,0,0,0,0,0,0,0,0,0,0,0,10,0,0,0,10,0,0.742,0.862,1.115,1.285,1.340,NA,NA,6,1,NA,NA,NA
D87A,low,0.25,25,5,10,0,10,0,0,0,0,0,0,0,0,0,0,0,0,10,0,0,0,10,0,0.751,0.871,0.889,NA,NA,1.636,8,8,0,0.097325483,0.021,NA
D87A,low,0.25,25,6,10,0,10,0,0,0,0,0,0,0,0,0,0,0,0,10,0,0,0,10,0,0.736,0.872,0.897,NA,NA,1.624,9,9,0,0.087935267,0.022,NA
D87A,low,0.25,25,7,30,0,30,0,0,0,0,0,0,0,0,0,0,0,0,30,0,0,0,30,0,0.760,0.920,0.927,NA,NA,1.709,9,9,0,0.090038361,0.022,NA
D87A,low,0.25,25,8,30,0,30,0,0,0,0,0,0,0,0,0,0,0,0,30,0,0,0,30,0,0.743,0.902,0.997,NA,NA,1.567,10,10,0,0.07462222,0.029,NA
D87A,low,0.25,25,9,0,0,0,0,0,0,0,0,0,0,0,0,0,0,0,0,0,0,0,0,0,0.776,0.965,NA,NA,NA,1.938,7,7,0,0.130751325,NA,NA
D87A,low,0.25,25,10,0,0,0,0,0,0,0,0,0,0,0,0,0,0,0,0,0,0,0,0,0,0.785,0.970,NA,NA,NA,1.950,8,8,0,0.113737617,NA,NA
D87A,low,0.25,25,11,10,0,10,0,0,0,0,0,0,0,0,0,0,0,0,10,0,0,0,10,0,0.718,0.888,NA,NA,NA,1.870,7,7,0,0.136746306,NA,NA
D87A,low,0.25,25,12,0,0,0,0,0,0,0,0,0,0,0,0,0,0,0,0,0,0,0,0,0,0.767,0.933,NA,NA,NA,2.004,8,8,0,0.120051708,NA,NA
D87A,low,0.50,25,1,30,30,0,0,0,0,0,0,0,0,0,0,0,0,0,30,0,30,0,0,0,0.803,0.938,1.165,1.174,1.538,1.847,8,8,0,0.104120408,0.047,0.047
D87A,low,0.50,25,2,40,30,10,0,0,0,0,0,0,0,0,0,0,0,0,40,0,30,0,10,0,0.732,0.861,1.115,1.185,1.433,1.875,6,6,0,0.156763904,0.070,0.080
D87A,low,0.50,25,3,10,0,10,0,0,0,0,0,0,0,0,0,0,0,0,10,0,0,0,10,0,0.811,0.951,1.200,1.257,1.526,2.036,6,6,0,0.153412387,0.065,0.073
D87A,low,0.50,25,4,10,0,10,0,0,0,0,0,0,0,0,0,0,0,0,10,0,0,0,10,0,0.794,0.917,1.044,1.041,1.132,NA,NA,6,1,NA,NA,NA
D87A,low,0.50,25,5,40,30,10,0,0,0,0,0,0,0,0,0,0,0,0,40,0,30,0,10,0,0.756,0.868,0.871,NA,NA,1.843,10,10,0,0.089110858,0.014,NA
Cyril,low,0.00,0,1,0,0,0,0,0,0,0,0,0,0,0,0,0,0,0,0,0,0,0,0,0,0.625,0.831,1.129,1.555,1.629,1.629,5,5,0,0.191593992,0.118,0.182
Cyril,low,0.00,0,2,0,0,0,0,0,0,0,0,0,0,0,0,0,0,0,0,0,0,0,0,0,0.649,0.835,1.118,1.248,1.350,1.591,6,6,0,0.149447552,0.091,0.109
Cyril,low,0.00,0,3,0,0,0,0,0,0,0,0,0,0,0,0,0,0,0,0,0,0,0,0,0,0.538,0.655,0.863,1.100,1.163,1.675,7,7,0,0.162244269,0.068,0.102
Cyril,low,0.00,0,4,0,0,0,0,0,0,0,0,0,0,0,0,0,0,0,0,0,0,0,0,0,0.667,0.867,1.186,1.267,1.431,1.643,6,6,0,0.150248179,0.096,0.107
Cyril,low,0.10,0,1,0,0,0,0,0,0,0,0,0,0,0,0,0,0,0,0,0,0,0,0,0,0.668,0.887,1.222,1.513,1.779,1.779,5,5,0,0.195903703,0.121,0.164
Cyril,low,0.10,0,2,0,0,0,0,0,0,0,0,0,0,0,0,0,0,0,0,0,0,0,0,0,0.618,0.687,0.722,1.096,1.826,NA,NA,6,1,NA,NA,NA
Cyril,low,0.10,0,3,0,0,0,0,0,0,0,0,0,0,0,0,0,0,0,0,0,0,0,0,0,0.651,0.864,1.206,1.543,1.712,1.712,5,5,0,0.193381583,0.123,0.173
Cyril,low,0.10,0,4,0,0,0,0,0,0,0,0,0,0,0,0,0,0,0,0,0,0,0,0,0,0.636,0.864,1.196,1.520,1.717,1.717,5,5,0,0.19862706,0.126,0.174
Cyril,low,0.10,0,5,0,0,0,0,0,0,0,0,0,0,0,0,0,0,0,0,0,0,0,0,0,0.637,0.828,NA,NA,NA,1.671,6,6,0,0.160734646,NA,NA
Cyril,low,0.25,0,1,0,0,0,0,0,0,0,0,0,0,0,0,0,0,0,0,0,0,0,0,0,0.642,0.839,1.176,1.270,1.402,1.695,6,6,0,0.161808286,0.101,0.114
Cyril,low,0.25,0,2,0,0,0,0,0,0,0,0,0,0,0,0,0,0,0,0,0,0,0,0,0,0.640,0.841,1.167,1.202,1.419,1.722,6,6,0,0.164962251,0.100,0.105
Cyril,low,0.25,0,3,0,0,0,0,0,0,0,0,0,0,0,0,0,0,0,0,0,0,0,0,0,0.650,0.848,1.137,1.219,1.368,1.626,6,6,0,0.152817655,0.093,0.105
Cyril,low,0.25,0,4,0,0,0,0,0,0,0,0,0,0,0,0,0,0,0,0,0,0,0,0,0,0.653,0.837,1.190,1.229,1.455,1.716,6,6,0,0.161029025,0.100,0.105
Cyril,low,0.50,0,1,0,0,0,0,0,0,0,0,0,0,0,0,0,0,0,0,0,0,0,0,0,0.655,0.784,1.092,1.356,1.363,1.646,6,6,0,0.153578024,0.085,0.121
Cyril,low,0.50,0,2,0,0,0,0,0,0,0,0,0,0,0,0,0,0,0,0,0,0,0,0,0,0.658,NA,NA,NA,NA,NA,NA,2,1,NA,NA,NA
Cyril,low,0.50,0,3,0,0,0,0,0,0,0,0,0,0,0,0,0,0,0,0,0,0,0,0,0,0.657,0.783,1.086,1.346,1.364,1.609,6,6,0,0.149280688,0.084,0.120
Cyril,low,0.50,0,4,0,0,0,0,0,0,0,0,0,0,0,0,0,0,0,0,0,0,0,0,0,0.642,0.673,1.170,1.296,1.402,1.711,6,6,0,0.163374162,0.100,0.117
Cyril,low,0.50,0,5,0,0,0,0,0,0,0,0,0,0,0,0,0,0,0,0,0,0,0,0,0,0.617,0.844,NA,NA,NA,1.697,6,6,0,0.168624707,NA,NA
Cyril,low,0.00,5,1,0,0,0,0,0,0,0,0,0,0,0,0,0,0,0,0,0,0,0,0,0,0.645,0.837,1.140,1.416,1.637,1.637,5,5,0,0.186274052,0.114,0.157
Cyril,low,0.00,5,2,0,0,0,0,0,0,0,0,0,0,0,0,0,0,0,0,0,0,0,0,0,0.663,0.849,1.152,1.428,1.643,1.643,5,5,0,0.181500826,0.110,0.153
Cyril,low,0.00,5,3,0,0,0,0,0,0,0,0,0,0,0,0,0,0,0,0,0,0,0,0,0,0.635,NA,NA,NA,NA,NA,NA,2,1,NA,NA,NA
Cyril,low,0.00,5,4,0,0,0,0,0,0,0,0,0,0,0,0,0,0,0,0,0,0,0,0,0,0.631,0.855,1.137,1.307,1.352,1.604,6,6,0,0.155491654,0.098,0.121
Cyril,low,0.00,5,5,0,0,0,0,0,0,0,0,0,0,0,0,0,0,0,0,0,0,0,0,0,0.659,0.864,NA,NA,NA,1.415,6,6,0,0.127360213,NA,NA
Cyril,low,0.10,5,1,0,0,0,0,0,0,0,0,0,0,0,0,0,0,0,0,0,0,0,0,0,0.634,0.833,1.151,1.300,1.679,1.679,5,5,0,0.194780941,0.119,0.144
Cyril,low,0.10,5,2,0,0,0,0,0,0,0,0,0,0,0,0,0,0,0,0,0,0,0,0,0,0.648,0.825,1.152,1.267,1.394,1.683,6,6,0,0.15907375,0.096,0.112
Cyril,low,0.10,5,3,0,0,0,0,0,0,0,0,0,0,0,0,0,0,0,0,0,0,0,0,0,0.638,0.832,1.156,1.400,1.690,1.690,5,5,0,0.194829105,0.119,0.157
Cyril,low,0.10,5,4,0,0,0,0,0,0,0,0,0,0,0,0,0,0,0,0,0,0,0,0,0,0.649,0.828,1.144,1.421,1.412,1.721,6,6,0,0.162538013,0.094,0.131
Cyril,low,0.25,5,1,0,0,0,0,0,0,0,0,0,0,0,0,0,0,0,0,0,0,0,0,0,0.649,0.854,1.170,1.421,1.690,1.690,5,5,0,0.191410218,0.118,0.157
Cyril,low,0.25,5,2,0,0,0,0,0,0,0,0,0,0,0,0,0,0,0,0,0,0,0,0,0,0.649,0.851,1.157,1.270,1.390,1.673,6,6,0,0.157823497,0.096,0.112
Cyril,low,0.25,5,3,0,0,0,0,0,0,0,0,0,0,0,0,0,0,0,0,0,0,0,0,0,0.657,0.663,1.143,1.372,1.410,1.689,6,6,0,0.157367983,0.092,0.123
Cyril,low,0.25,5,4,0,0,0,0,0,0,0,0,0,0,0,0,0,0,0,0,0,0,0,0,0,0.673,0.871,1.234,1.270,1.469,1.734,6,6,0,0.157740138,0.101,0.106
Cyril,low,0.50,5,1,10,0,10,10,0,10,10,0,10,0,0,0,0,0,0,10,10,0,0,10,10,0.660,0.761,1.090,1.362,1.363,1.678,6,6,0,0.155519675,0.084,0.121
Cyril,low,0.50,5,2,0,0,0,0,0,0,0,0,0,0,0,0,0,0,0,0,0,0,0,0,0,0.625,0.717,NA,NA,NA,NA,NA,3,1,NA,NA,NA
Cyril,low,0.50,5,3,0,0,0,0,0,0,0,0,0,0,0,0,0,0,0,0,0,0,0,0,0,0.622,0.751,1.039,1.299,1.309,1.582,6,6,0,0.155584176,0.086,0.123
Cyril,low,0.50,5,4,0,0,0,0,0,0,0,0,0,0,0,0,0,0,0,0,0,0,0,0,0,0.640,0.732,1.017,1.272,1.286,1.622,6,6,0,0.154991176,0.077,0.114
Cyril,low,0.50,5,5,0,0,0,0,0,0,0,0,0,0,0,0,0,0,0,0,0,0,0,0,0,0.662,0.890,NA,NA,NA,1.632,6,6,0,0.150382663,NA,NA
Cyril,low,0.00,10,1,0,0,0,0,0,0,0,0,0,0,0,0,0,0,0,0,0,0,0,0,0,0.642,0.852,1.168,1.457,1.622,1.622,5,5,0,0.185365386,0.120,0.164
Cyril,low,0.00,10,2,0,0,0,0,0,0,0,0,0,0,0,0,0,0,0,0,0,0,0,0,0,0.661,0.891,1.201,1.425,1.645,1.645,5,5,0,0.182348365,0.119,0.154
Cyril,low,0.00,10,3,0,0,0,0,0,0,0,0,0,0,0,0,0,0,0,0,0,0,0,0,0,0.672,0.914,1.237,1.470,1.759,1.759,5,5,0,0.192448481,0.122,0.157
Cyril,low,0.00,10,4,0,0,0,0,0,0,0,0,0,0,0,0,0,0,0,0,0,0,0,0,0,0.676,0.887,1.198,1.421,1.691,1.691,5,5,0,0.183376455,0.114,0.149
Cyril,low,0.10,10,1,0,0,0,0,0,0,0,0,0,0,0,0,0,0,0,0,0,0,0,0,0,0.634,0.867,1.177,1.507,1.707,1.707,5,5,0,0.198088754,0.124,0.173
Cyril,low,0.10,10,2,0,0,0,0,0,0,0,0,0,0,0,0,0,0,0,0,0,0,0,0,0,0.640,0.857,1.162,1.501,1.717,1.717,5,5,0,0.197373137,0.119,0.170
Cyril,low,0.10,10,3,0,0,0,0,0,0,0,0,0,0,0,0,0,0,0,0,0,0,0,0,0,0.634,0.853,1.160,1.489,1.683,1.683,5,5,0,0.195256848,0.121,0.171
Cyril,low,0.10,10,4,0,0,0,0,0,0,0,0,0,0,0,0,0,0,0,0,0,0,0,0,0,0.598,NA,NA,NA,NA,NA,NA,2,1,NA,NA,NA
Cyril,low,0.10,10,5,0,0,0,0,0,0,0,0,0,0,0,0,0,0,0,0,0,0,0,0,0,0.653,0.844,NA,NA,NA,1.487,6,6,0,0.13715647,NA,NA
Cyril,low,0.25,10,1,0,0,0,0,0,0,0,0,0,0,0,0,0,0,0,0,0,0,0,0,0,0.656,0.881,1.213,1.309,1.446,1.681,6,6,0,0.156830557,0.102,0.115
Cyril,low,0.25,10,2,0,0,0,0,0,0,0,0,0,0,0,0,0,0,0,0,0,0,0,0,0,0.652,0.850,0.875,1.316,1.372,1.920,7,7,0,0.154290843,0.042,0.100
Cyril,low,0.25,10,3,0,0,0,0,0,0,0,0,0,0,0,0,0,0,0,0,0,0,0,0,0,0.650,0.854,1.198,1.292,1.391,1.657,6,6,0,0.155965276,0.102,0.114
Cyril,low,0.25,10,4,0,0,0,0,0,0,0,0,0,0,0,0,0,0,0,0,0,0,0,0,0,0.659,0.859,1.170,1.346,1.412,1.666,6,6,0,0.154576215,0.096,0.119
Cyril,low,0.50,10,1,0,0,0,0,0,0,0,0,0,0,0,0,0,0,0,0,0,0,0,0,0,0.644,0.755,1.063,1.126,1.336,1.611,6,6,0,0.15281861,0.084,0.093
Cyril,low,0.50,10,2,0,0,0,0,0,0,0,0,0,0,0,0,0,0,0,0,0,0,0,0,0,0.646,0.760,0.774,1.187,1.318,1.636,6,6,0,0.154868336,0.030,0.101
Cyril,low,0.50,10,3,0,0,0,0,0,0,0,0,0,0,0,0,0,0,0,0,0,0,0,0,0,0.659,0.786,1.085,1.182,1.369,1.661,6,6,0,0.154075263,0.083,0.097
Cyril,low,0.50,10,4,0,0,0,0,0,0,0,0,0,0,0,0,0,0,0,0,0,0,0,0,0,0.660,0.783,0.806,1.180,1.145,1.720,8,8,0,0.119729967,0.025,0.073
Cyril,low,0.00,25,1,0,0,0,0,0,0,0,0,0,0,0,0,0,0,0,0,0,0,0,0,0,0.675,0.887,1.184,1.369,1.542,1.661,6,6,0,0.15007707,0.094,0.118
Cyril,low,0.00,25,2,0,0,0,0,0,0,0,0,0,0,0,0,0,0,0,0,0,0,0,0,0,0.633,0.809,1.037,1.311,1.419,1.604,7,7,0,0.132826481,0.071,0.104
Cyril,low,0.00,25,3,0,0,0,0,0,0,0,0,0,0,0,0,0,0,0,0,0,0,0,0,0,0.654,0.856,1.133,1.386,1.499,1.586,6,6,0,0.147643842,0.092,0.125
Cyril,low,0.00,25,4,0,0,0,0,0,0,0,0,0,0,0,0,0,0,0,0,0,0,0,0,0,0.638,0.824,1.050,1.313,1.414,1.563,7,7,0,0.128003435,0.071,0.103
Cyril,low,0.10,25,1,0,0,0,0,0,0,0,0,0,0,0,0,0,0,0,0,0,0,0,0,0,0.644,0.821,1.077,1.337,1.489,1.763,7,7,0,0.143867637,0.073,0.104
Cyril,low,0.10,25,2,0,0,0,0,0,0,0,0,0,0,0,0,0,0,0,0,0,0,0,0,0,0.638,0.853,1.115,1.411,1.420,1.793,7,7,0,0.147615313,0.080,0.113
Cyril,low,0.10,25,3,0,0,0,0,0,0,0,0,0,0,0,0,0,0,0,0,0,0,0,0,0,0.654,0.830,1.153,1.459,1.470,1.601,6,6,0,0.149212727,0.095,0.134
Cyril,low,0.10,25,4,0,0,0,0,0,0,0,0,0,0,0,0,0,0,0,0,0,0,0,0,0,0.663,0.847,1.106,1.371,1.430,NA,NA,6,1,NA,NA,NA
Cyril,low,0.25,25,1,0,0,0,0,0,0,0,0,0,0,0,0,0,0,0,0,0,0,0,0,0,0.648,0.841,1.157,1.261,1.397,1.592,6,6,0,0.149809278,0.097,0.111
Cyril,low,0.25,25,2,0,0,0,0,0,0,0,0,0,0,0,0,0,0,0,0,0,0,0,0,0,0.651,NA,NA,NA,NA,NA,NA,2,1,NA,NA,NA
Cyril,low,0.25,25,3,0,0,0,0,0,0,0,0,0,0,0,0,0,0,0,0,0,0,0,0,0,0.654,0.819,1.169,1.269,1.392,1.646,6,6,0,0.153832672,0.097,0.110
Cyril,low,0.25,25,4,0,0,0,0,0,0,0,0,0,0,0,0,0,0,0,0,0,0,0,0,0,0.651,NA,NA,NA,NA,NA,NA,2,1,NA,NA,NA
Cyril,low,0.25,25,5,0,0,0,0,0,0,0,0,0,0,0,0,0,0,0,0,0,0,0,0,0,0.646,0.815,NA,NA,NA,NA,NA,3,1,NA,NA,NA
Cyril,low,0.25,25,6,0,0,0,0,0,0,0,0,0,0,0,0,0,0,0,0,0,0,0,0,0,0.641,0.862,NA,NA,NA,1.584,10,10,0,0.090467912,NA,NA
Cyril,low,0.25,25,7,0,0,0,0,0,0,0,0,0,0,0,0,0,0,0,0,0,0,0,0,0,0.605,0.744,NA,NA,NA,1.646,8,8,0,0.125109365,NA,NA
Cyril,low,0.50,25,1,0,0,0,0,0,0,0,0,0,0,0,0,0,0,0,0,0,0,0,0,0,0.643,0.762,1.025,1.171,1.289,1.614,6,6,0,0.153387687,0.078,0.100
Cyril,low,0.50,25,2,10,0,10,10,0,10,10,0,10,10,0,10,0,0,0,10,10,0,0,10,10,0.663,0.849,0.884,1.274,1.419,1.995,7,7,0,0.157374906,0.041,0.093
Cyril,low,0.50,25,3,0,0,0,0,0,0,0,0,0,0,0,0,0,0,0,0,0,0,0,0,0,0.635,0.732,0.984,1.210,1.219,1.509,6,6,0,0.14426291,0.073,0.107
Cyril,low,0.50,25,4,10,0,10,10,0,10,10,0,10,10,0,10,0,0,0,10,10,0,0,10,10,0.574,0.661,0.748,1.222,1.178,1.638,8,8,0,0.131075234,0.033,0.094
Chard,high,0.00,0,1,30,0,30,0,0,0,0,0,0,0,0,0,0,0,0,30,0,0,0,30,0,0.583,0.880,1.067,NA,NA,1.929,7,7,0,0.170938547,0.086,NA
Chard,high,0.00,0,2,30,0,30,0,0,0,0,0,0,0,0,0,0,0,0,30,0,0,0,30,0,0.590,0.876,1.122,NA,NA,1.784,5,5,0,0.221298155,0.129,NA
Chard,high,0.00,0,3,20,0,20,0,0,0,0,0,0,0,0,0,0,0,0,20,0,0,0,20,0,0.583,0.862,1.089,NA,NA,1.975,7,7,0,0.174305213,0.089,NA
Chard,high,0.00,0,4,20,0,20,0,0,0,0,0,0,0,0,0,0,0,0,20,0,0,0,20,0,0.615,0.869,1.088,NA,NA,1.910,7,7,0,0.161890893,0.081,NA
Chard,high,0.10,0,1,70,30,40,0,0,0,0,0,0,0,0,0,0,0,0,70,0,30,0,40,0,0.646,0.975,1.252,NA,NA,1.953,6,6,0,0.184387071,0.110,NA
Chard,high,0.10,0,2,30,0,30,0,0,0,0,0,0,0,0,0,0,0,0,30,0,0,0,30,0,0.644,1.015,1.318,NA,NA,2.000,6,6,0,0.188867289,0.119,NA
Chard,high,0.10,0,3,30,0,30,0,0,0,0,0,0,0,0,0,0,0,0,30,0,0,0,30,0,0.670,1.033,1.320,NA,NA,2.049,6,6,0,0.186304906,0.113,NA
Chard,high,0.10,0,4,30,0,30,0,0,0,0,0,0,0,0,0,0,0,0,30,0,0,0,30,0,0.620,0.992,1.270,NA,NA,1.979,6,6,0,0.193437911,0.120,NA
Chard,high,0.25,0,1,60,30,30,20,0,20,0,0,0,0,0,0,0,0,0,60,20,30,0,30,20,0.689,0.946,1.224,NA,NA,1.967,6,6,0,0.174837258,0.096,NA
Chard,high,0.25,0,2,60,30,30,10,0,10,0,0,0,0,0,0,0,0,0,60,10,30,0,30,10,0.623,0.956,1.243,NA,NA,1.950,6,6,0,0.190173022,0.115,NA
Chard,high,0.25,0,3,30,0,30,10,0,10,0,0,0,0,0,0,0,0,0,30,10,0,0,30,10,0.618,0.963,1.254,NA,NA,1.940,6,6,0,0.190659132,0.118,NA
Chard,high,0.25,0,4,60,30,30,10,0,10,0,0,0,0,0,0,0,0,0,60,10,30,0,30,10,0.632,0.950,1.223,NA,NA,1.876,5,5,0,0.217601547,0.132,NA
Chard,high,0.50,0,1,60,30,30,50,30,20,NA,NA,NA,0,0,0,0,0,0,60,50,30,30,30,20,0.668,0.958,NA,NA,NA,NA,NA,3,1,NA,NA,NA
Chard,high,0.50,0,2,60,30,30,70,30,40,NA,NA,NA,0,0,0,0,0,0,70,70,30,30,40,40,0.694,0.930,NA,NA,NA,NA,NA,3,1,NA,NA,NA
Chard,high,0.50,0,3,60,30,30,70,30,40,NA,NA,NA,0,0,0,0,0,0,70,70,30,30,40,40,0.679,0.817,NA,NA,NA,NA,NA,3,1,NA,NA,NA
Chard,high,0.50,0,4,50,30,20,80,30,50,60,30,30,0,0,0,0,0,0,80,80,30,30,50,50,0.697,0.820,0.990,NA,NA,NA,NA,4,1,NA,NA,NA
Chard,high,0.00,5,1,30,0,30,0,0,0,0,0,0,0,0,0,0,0,0,30,0,0,0,30,0,0.736,0.853,1.152,NA,NA,NA,NA,4,1,NA,NA,NA
Chard,high,0.00,5,2,10,0,10,0,0,0,0,0,0,0,0,0,0,0,0,10,0,0,0,10,0,0.730,0.858,1.155,NA,NA,1.886,7,7,0,0.135595561,0.066,NA
Chard,high,0.00,5,3,20,0,20,0,0,0,0,0,0,0,0,0,0,0,0,20,0,0,0,20,0,0.722,0.884,1.179,NA,NA,1.879,8,8,0,0.119558733,0.061,NA
Chard,high,0.00,5,4,30,0,30,0,0,0,0,0,0,0,0,0,0,0,0,30,0,0,0,30,0,0.736,0.899,1.165,NA,NA,1.842,8,8,0,0.114672137,0.057,NA
Chard,high,0.10,5,1,50,30,20,10,0,10,0,0,0,0,0,0,0,0,0,50,10,30,0,20,10,0.676,0.870,1.192,NA,NA,NA,NA,4,1,NA,NA,NA
Chard,high,0.10,5,2,30,0,30,0,0,0,0,0,0,0,0,0,0,0,0,30,0,0,0,30,0,0.699,0.856,1.172,NA,NA,1.893,8,8,0,0.124533426,0.065,NA
Chard,high,0.10,5,3,10,0,10,0,0,0,0,0,0,0,0,0,0,0,0,10,0,0,0,10,0,0.758,0.887,1.170,NA,NA,2.040,7,7,0,0.141431672,0.062,NA
Chard,high,0.10,5,4,30,0,30,30,0,30,0,0,0,0,0,0,0,0,0,30,30,0,0,30,30,0.739,0.869,1.188,NA,NA,1.961,7,7,0,0.139415986,0.068,NA
Chard,high,0.25,5,1,50,30,20,0,0,0,0,0,0,0,0,0,0,0,0,50,0,30,0,20,0,0.739,0.879,1.172,NA,NA,1.942,7,7,0,0.138025104,0.066,NA
Chard,high,0.25,5,2,50,30,20,10,0,10,0,0,0,0,0,0,0,0,0,50,10,30,0,20,10,0.720,0.865,1.253,NA,NA,1.856,7,7,0,0.135275386,0.079,NA
Chard,high,0.25,5,3,50,30,20,10,0,10,0,0,0,0,0,0,0,0,0,50,10,30,0,20,10,0.754,0.921,1.235,NA,NA,1.956,7,7,0,0.13618064,0.070,NA
Chard,high,0.25,5,4,80,30,50,10,0,10,0,0,0,0,0,0,0,0,0,80,10,30,0,50,10,0.746,0.910,1.220,NA,NA,2.006,7,7,0,0.141310338,0.070,NA
Chard,high,0.50,5,1,30,0,30,70,30,40,0,0,0,0,0,0,0,0,0,70,70,30,30,40,40,0.627,0.946,1.219,NA,NA,2.044,7,7,0,0.168816773,0.095,NA
Chard,high,0.50,5,2,70,30,40,70,30,40,0,0,0,0,0,0,0,0,0,70,70,30,30,40,40,0.650,0.945,1.232,NA,NA,1.945,6,6,0,0.182674149,0.107,NA
Chard,high,0.50,5,3,30,0,30,20,0,20,0,0,0,0,0,0,0,0,0,30,20,0,0,30,20,0.612,0.926,1.215,NA,NA,2.079,7,7,0,0.174701429,0.098,NA
Chard,high,0.50,5,4,30,0,30,20,0,20,0,0,0,0,0,0,0,0,0,30,20,0,0,30,20,0.615,0.909,1.184,NA,NA,2.040,7,7,0,0.171297546,0.094,NA
Chard,high,0.00,10,1,30,0,30,0,0,0,0,0,0,0,0,0,0,0,0,30,0,0,0,30,0,0.617,0.866,1.133,NA,NA,1.590,8,8,0,0.118327534,0.076,NA
Chard,high,0.00,10,2,10,0,10,0,0,0,0,0,0,0,0,0,0,0,0,10,0,0,0,10,0,0.613,0.870,1.073,NA,NA,1.500,8,8,0,0.111856931,0.070,NA
Chard,high,0.00,10,3,30,0,30,0,0,0,0,0,0,0,0,0,0,0,0,30,0,0,0,30,0,0.622,0.925,1.202,NA,NA,1.878,6,6,0,0.184170428,0.110,NA
Chard,high,0.00,10,4,10,0,10,0,0,0,0,0,0,0,0,0,0,0,0,10,0,0,0,10,0,0.624,0.868,1.101,NA,NA,1.408,8,8,0,0.101721896,0.071,NA
Chard,high,0.10,10,1,10,0,10,0,0,0,0,0,0,0,0,0,0,0,0,10,0,0,0,10,0,0.648,0.927,1.239,NA,NA,1.730,6,6,0,0.163664332,0.108,NA
Chard,high,0.10,10,2,20,0,20,0,0,0,0,0,0,0,0,0,0,0,0,20,0,0,0,20,0,0.666,0.942,1.240,NA,NA,1.751,6,6,0,0.161108777,0.104,NA
Chard,high,0.10,10,3,20,0,20,0,0,0,0,0,0,0,0,0,0,0,0,20,0,0,0,20,0,0.640,0.946,1.201,NA,NA,1.797,6,6,0,0.172067618,0.105,NA
Chard,high,0.10,10,4,20,0,20,0,0,0,0,0,0,0,0,0,0,0,0,20,0,0,0,20,0,0.620,0.935,1.178,NA,NA,1.932,7,7,0,0.16237022,0.092,NA
Chard,high,0.25,10,1,90,50,40,10,0,10,0,0,0,0,0,0,0,0,0,90,10,50,0,40,10,0.646,0.974,1.270,NA,NA,1.759,6,6,0,0.166950207,0.113,NA
Chard,high,0.25,10,2,80,50,30,0,0,0,0,0,0,0,0,0,0,0,0,80,0,50,0,30,0,0.646,0.985,1.288,NA,NA,1.747,6,6,0,0.165809301,0.115,NA
Chard,high,0.25,10,3,80,50,30,10,0,10,0,0,0,0,0,0,0,0,0,80,10,50,0,30,10,0.625,0.960,1.234,NA,NA,1.837,6,6,0,0.179689573,0.113,NA
Chard,high,0.25,10,4,70,50,20,0,0,0,0,0,0,0,0,0,0,0,0,70,0,50,0,20,0,0.629,0.948,1.218,NA,NA,1.763,6,6,0,0.171773488,0.110,NA
Chard,high,0.50,10,1,30,0,30,0,0,0,0,0,0,0,0,0,0,0,0,30,0,0,0,30,0,0.593,0.908,1.197,NA,NA,1.828,8,8,0,0.140722919,0.088,NA
Chard,high,0.50,10,2,20,0,20,10,0,10,0,0,0,0,0,0,0,0,0,20,10,0,0,20,10,0.591,0.953,1.254,NA,NA,1.835,6,6,0,0.188830624,0.125,NA
Chard,high,0.50,10,3,30,0,30,10,0,10,0,0,0,0,0,0,0,0,0,30,10,0,0,30,10,0.567,0.875,1.153,NA,NA,1.897,7,7,0,0.172524238,0.101,NA
Chard,high,0.50,10,4,40,0,40,30,0,30,0,0,0,0,0,0,0,0,0,40,30,0,0,40,30,0.583,0.938,1.229,NA,NA,2.033,7,7,0,0.17844009,0.107,NA
Chard,high,0.00,25,1,30,0,30,0,0,0,0,0,0,0,0,0,0,0,0,30,0,0,0,30,0,0.631,0.931,1.194,NA,NA,NA,NA,4,1,NA,NA,NA
Chard,high,0.00,25,2,20,0,20,0,0,0,0,0,0,0,0,0,0,0,0,20,0,0,0,20,0,0.646,0.874,1.046,NA,NA,NA,NA,4,1,NA,NA,NA
Chard,high,0.00,25,3,20,0,20,0,0,0,0,0,0,0,0,0,0,0,0,20,0,0,0,20,0,0.623,0.892,1.032,NA,NA,NA,NA,4,1,NA,NA,NA
Chard,high,0.00,25,4,20,0,20,0,0,0,0,0,0,0,0,0,0,0,0,20,0,0,0,20,0,0.570,0.897,1.096,NA,NA,NA,NA,4,1,NA,NA,NA
Chard,high,0.00,25,5,10,0,10,0,0,0,0,0,0,0,0,0,0,0,0,10,0,0,0,10,0,0.717,0.826,1.041,NA,NA,NA,NA,4,1,NA,NA,NA
Chard,high,0.00,25,6,60,30,30,0,0,0,0,0,0,0,0,0,0,0,0,60,0,30,0,30,0,0.713,0.827,1.049,NA,NA,NA,NA,4,1,NA,NA,NA
Chard,high,0.00,25,7,10,0,10,0,0,0,0,0,0,0,0,0,0,0,0,10,0,0,0,10,0,0.718,0.820,1.061,NA,NA,NA,NA,4,1,NA,NA,NA
Chard,high,0.00,25,8,10,0,10,0,0,0,0,0,0,0,0,0,0,0,0,10,0,0,0,10,0,0.734,0.844,1.072,NA,NA,NA,NA,4,1,NA,NA,NA
Chard,high,0.10,25,1,50,30,20,0,0,0,0,0,0,0,0,0,0,0,0,50,0,30,0,20,0,0.720,0.846,1.109,NA,NA,NA,NA,4,1,NA,NA,NA
Chard,high,0.10,25,2,10,0,10,0,0,0,0,0,0,0,0,0,0,0,0,10,0,0,0,10,0,0.728,0.847,1.127,NA,NA,NA,NA,4,1,NA,NA,NA
Chard,high,0.10,25,3,50,30,20,0,0,0,0,0,0,0,0,0,0,0,0,50,0,30,0,20,0,0.700,0.813,1.066,NA,NA,NA,NA,4,1,NA,NA,NA
Chard,high,0.10,25,4,50,30,20,0,0,0,0,0,0,0,0,0,0,0,0,50,0,30,0,20,0,0.712,0.797,1.052,NA,NA,NA,NA,4,1,NA,NA,NA
Chard,high,0.25,25,1,60,30,30,10,0,10,0,0,0,0,0,0,0,0,0,60,10,30,0,30,10,0.626,0.935,1.176,NA,NA,NA,NA,4,1,NA,NA,NA
Chard,high,0.25,25,2,60,30,30,0,0,0,0,0,0,0,0,0,0,0,0,60,0,30,0,30,0,0.600,0.904,1.125,NA,NA,NA,NA,4,1,NA,NA,NA
Chard,high,0.25,25,3,60,30,30,0,0,0,0,0,0,0,0,0,0,0,0,60,0,30,0,30,0,0.620,0.960,1.183,NA,NA,NA,NA,4,1,NA,NA,NA
Chard,high,0.25,25,4,80,50,30,20,0,20,0,0,0,0,0,0,0,0,0,80,20,50,0,30,20,0.637,0.947,1.176,NA,NA,1.627,10,10,0,0.093772345,0.061,NA
Chard,high,0.25,25,5,20,0,20,70,30,40,0,0,0,0,0,0,0,0,0,70,70,30,30,40,40,0.714,0.854,1.156,NA,NA,1.845,8,8,0,0.118668949,0.060,NA
Chard,high,0.25,25,6,20,0,20,60,30,30,0,0,0,0,0,0,0,0,0,60,60,30,30,30,30,0.728,0.855,1.137,NA,NA,1.878,8,8,0,0.118457701,0.056,NA
Chard,high,0.25,25,7,30,0,30,50,30,20,0,0,0,0,0,0,0,0,0,50,50,30,30,30,20,0.720,0.860,1.154,NA,NA,1.872,8,8,0,0.119438931,0.059,NA
Chard,high,0.50,25,1,10,0,10,60,30,30,60,0,60,0,0,0,0,0,0,60,60,30,30,60,60,0.749,0.861,NA,NA,NA,NA,NA,3,1,NA,NA,NA
Chard,high,0.50,25,2,0,0,0,30,0,30,20,0,20,0,0,0,0,0,0,30,30,0,0,30,30,0.703,0.840,NA,NA,NA,NA,NA,3,1,NA,NA,NA
Chard,high,0.50,25,3,60,30,30,60,30,30,60,30,30,0,0,0,0,0,0,60,60,30,30,30,30,0.709,0.847,0.890,NA,NA,NA,NA,4,1,NA,NA,NA
Chard,high,0.50,25,4,10,0,10,70,30,40,60,30,30,0,0,0,0,0,0,70,70,30,30,40,40,0.719,0.881,0.926,NA,NA,NA,NA,4,1,NA,NA,NA
LD33,high,0.00,0,1,60,30,30,0,0,0,0,0,0,0,0,0,0,0,0,60,0,30,0,30,0,0.775,0.962,1.256,NA,NA,2.023,6,6,0,0.159912301,0.080,NA
LD33,high,0.00,0,2,30,0,30,0,0,0,0,0,0,0,0,0,0,0,0,30,0,0,0,30,0,0.716,0.895,1.166,NA,NA,1.957,6,6,0,0.1675813,0.081,NA
LD33,high,0.00,0,3,60,30,30,0,0,0,0,0,0,0,0,0,0,0,0,60,0,30,0,30,0,0.747,0.977,1.262,NA,NA,2.038,6,6,0,0.167276505,0.087,NA
LD33,high,0.00,0,4,20,0,20,0,0,0,0,0,0,0,0,0,0,0,0,20,0,0,0,20,0,0.756,0.959,1.277,NA,NA,2.021,6,6,0,0.16388439,0.087,NA
LD33,high,0.10,0,1,70,30,40,60,30,30,0,0,0,0,0,0,0,0,0,70,60,30,30,40,30,0.760,0.982,1.292,NA,NA,2.042,6,6,0,0.164727761,0.088,NA
LD33,high,0.10,0,2,60,30,30,60,30,30,0,0,0,0,0,0,0,0,0,60,60,30,30,30,30,0.760,0.997,1.282,NA,NA,2.076,6,6,0,0.167479969,0.087,NA
LD33,high,0.10,0,3,60,30,30,60,30,30,0,0,0,0,0,0,0,0,0,60,60,30,30,30,30,0.737,0.991,1.282,NA,NA,2.045,6,6,0,0.170094196,0.092,NA
LD33,high,0.10,0,4,70,30,40,50,30,20,0,0,0,0,0,0,0,0,0,70,50,30,30,40,20,0.713,0.947,1.252,NA,NA,1.987,6,6,0,0.170816637,0.094,NA
LD33,high,0.25,0,1,70,30,40,50,30,20,0,0,0,0,0,0,0,0,0,70,50,30,30,40,20,0.779,0.979,1.259,NA,NA,2.046,6,6,0,0.160938483,0.080,NA
LD33,high,0.25,0,2,50,30,20,70,30,40,0,0,0,0,0,0,0,0,0,70,70,30,30,40,40,0.706,0.973,1.253,NA,NA,2.021,6,6,0,0.175288747,0.096,NA
LD33,high,0.25,0,3,70,50,20,60,30,30,0,0,0,0,0,0,0,0,0,70,60,50,30,30,30,0.724,0.938,1.226,NA,NA,1.989,6,6,0,0.168432648,0.088,NA
LD33,high,0.50,0,1,90,50,40,80,50,30,0,0,0,0,0,0,0,0,0,90,80,50,50,40,30,0.714,0.972,1.283,NA,NA,2.030,6,6,0,0.174151352,0.098,NA
LD33,high,0.50,0,2,70,30,40,80,50,30,0,0,0,0,0,0,0,0,0,80,80,50,50,40,30,0.712,0.961,1.220,NA,NA,1.942,6,6,0,0.167232623,0.090,NA
LD33,high,0.50,0,3,80,50,30,90,50,40,0,0,0,0,0,0,0,0,0,90,90,50,50,40,40,0.735,0.972,1.280,NA,NA,1.999,6,6,0,0.166755306,0.092,NA
LD33,high,0.50,0,4,80,50,30,90,50,40,0,0,0,0,0,0,0,0,0,90,90,50,50,40,40,0.746,0.853,1.112,NA,NA,1.862,6,6,0,0.15244681,0.067,NA
LD33,high,0.00,5,1,30,0,30,0,0,0,0,0,0,0,0,0,0,0,0,30,0,0,0,30,0,0.908,1.025,NA,NA,NA,1.871,6,6,0,0.120497325,NA,NA
LD33,high,0.00,5,2,20,0,20,0,0,0,0,0,0,0,0,0,0,0,0,20,0,0,0,20,0,0.918,1.010,NA,NA,NA,1.917,6,6,0,0.122719892,NA,NA
LD33,high,0.00,5,3,0,0,0,0,0,0,0,0,0,0,0,0,0,0,0,0,0,0,0,0,0,0.920,0.972,NA,NA,NA,1.841,6,6,0,0.115615085,NA,NA
LD33,high,0.00,5,4,10,0,10,0,0,0,0,0,0,0,0,0,0,0,0,10,0,0,0,10,0,0.915,0.955,NA,NA,NA,2.056,7,7,0,0.115656223,NA,NA
LD33,high,0.10,5,1,50,30,20,10,0,10,0,0,0,0,0,0,0,0,0,50,10,30,0,20,10,0.737,0.935,1.197,NA,NA,1.844,6,6,0,0.152850752,0.081,NA
LD33,high,0.10,5,2,20,0,20,10,0,10,0,0,0,0,0,0,0,0,0,20,10,0,0,20,10,0.736,0.986,1.294,NA,NA,1.911,6,6,0,0.159025304,0.094,NA
LD33,high,0.10,5,3,60,30,30,30,0,30,0,0,0,0,0,0,0,0,0,60,30,30,0,30,30,0.741,0.965,1.270,NA,NA,1.964,6,6,0,0.162456311,0.090,NA
LD33,high,0.10,5,4,30,0,30,30,0,30,0,0,0,0,0,0,0,0,0,30,30,0,0,30,30,0.938,1.028,1.365,NA,NA,1.889,6,6,0,0.116675486,0.063,NA
LD33,high,0.25,5,1,80,30,50,10,0,10,0,0,0,0,0,0,0,0,0,80,10,30,0,50,10,0.716,0.968,1.274,NA,NA,1.941,6,6,0,0.166213069,0.096,NA
LD33,high,0.25,5,2,60,30,30,30,0,30,0,0,0,0,0,0,0,0,0,60,30,30,0,30,30,0.730,0.979,1.275,NA,NA,1.957,6,6,0,0.164353906,0.093,NA
LD33,high,0.25,5,3,80,30,50,60,30,30,0,0,0,0,0,0,0,0,0,80,60,30,30,50,30,0.758,0.978,1.304,NA,NA,1.911,6,6,0,0.154116426,0.090,NA
LD33,high,0.25,5,4,70,30,40,70,30,40,0,0,0,0,0,0,0,0,0,70,70,30,30,40,40,0.696,0.886,1.228,NA,NA,1.956,6,6,0,0.172217865,0.095,NA
LD33,high,0.50,5,1,80,50,30,90,50,40,20,0,20,0,0,0,0,0,0,90,90,50,50,40,40,0.760,0.906,1.266,1.610,NA,1.945,6,6,0,0.15661647,0.085,0.125
LD33,high,0.50,5,2,90,50,40,80,50,30,40,0,40,0,0,0,0,0,0,90,80,50,50,40,40,0.746,0.886,1.247,1.552,NA,1.924,6,6,0,0.157906005,0.086,0.122
LD33,high,0.50,5,3,60,30,30,80,30,50,30,0,30,0,0,0,0,0,0,80,80,30,30,50,50,0.736,0.908,1.270,1.507,NA,1.957,6,6,0,0.162989641,0.091,0.119
LD33,high,0.50,5,4,60,30,30,100,50,50,40,0,40,0,0,0,0,0,0,100,100,50,50,50,50,0.706,0.895,1.255,1.563,NA,1.930,6,6,0,0.167610007,0.096,0.132
LD33,high,0.00,10,1,30,0,30,0,0,0,0,0,0,0,0,0,0,0,0,30,0,0,0,30,0,0.726,0.861,1.163,NA,NA,1.592,6,6,0,0.130866059,0.079,NA
LD33,high,0.00,10,2,20,0,20,0,0,0,0,0,0,0,0,0,0,0,0,20,0,0,0,20,0,0.745,0.892,1.230,NA,NA,1.634,6,6,0,0.130900343,0.084,NA
LD33,high,0.00,10,3,10,0,10,0,0,0,0,0,0,0,0,0,0,0,0,10,0,0,0,10,0,0.686,0.841,1.197,NA,NA,1.569,6,6,0,0.137886021,0.093,NA
LD33,high,0.00,10,4,10,0,10,0,0,0,0,0,0,0,0,0,0,0,0,10,0,0,0,10,0,0.721,0.891,1.260,NA,NA,1.710,6,6,0,0.143934919,0.093,NA
LD33,high,0.10,10,1,60,30,30,0,0,0,0,0,0,0,0,0,0,0,0,60,0,30,0,30,0,0.917,1.001,NA,NA,NA,NA,NA,3,1,NA,NA,NA
LD33,high,0.10,10,2,60,30,30,0,0,0,0,0,0,0,0,0,0,0,0,60,0,30,0,30,0,0.909,0.996,NA,NA,NA,NA,NA,3,1,NA,NA,NA
LD33,high,0.10,10,3,70,30,30,0,0,0,0,0,0,0,0,0,0,0,0,70,0,30,0,30,0,0.936,1.034,NA,NA,NA,1.877,6,6,0,0.115969093,NA,NA
LD33,high,0.10,10,4,60,30,40,0,0,0,0,0,0,0,0,0,0,0,0,60,0,30,0,40,0,0.930,1.038,NA,NA,NA,1.867,6,6,0,0.116150593,NA,NA
LD33,high,0.25,10,1,80,50,30,70,30,40,0,0,0,0,0,0,0,0,0,80,70,50,30,40,40,0.712,0.889,1.244,NA,NA,1.759,6,6,0,0.150737139,0.093,NA
LD33,high,0.25,10,2,60,30,30,60,30,30,0,0,0,0,0,0,0,0,0,60,60,30,30,30,30,0.732,0.892,1.248,NA,NA,1.823,8,8,0,0.114057283,0.067,NA
LD33,high,0.25,10,3,60,30,30,80,30,50,0,0,0,0,0,0,0,0,0,80,80,30,30,50,50,0.739,0.905,1.256,NA,NA,1.726,6,6,0,0.141377325,0.088,NA
LD33,high,0.25,10,4,50,30,20,80,30,50,0,0,0,0,0,0,0,0,0,80,80,30,30,50,50,0.756,0.864,1.196,NA,NA,1.710,8,8,0,0.102025909,0.057,NA
LD33,high,0.50,10,1,20,0,20,70,50,20,20,0,20,0,0,0,0,0,0,70,70,50,50,20,20,0.637,0.779,1.082,1.320,NA,NA,NA,5,1,NA,NA,NA
LD33,high,0.50,10,2,60,30,30,90,50,40,20,0,20,0,0,0,0,0,0,90,90,50,50,40,40,0.726,0.889,1.241,1.474,NA,1.796,8,8,0,0.113220904,0.067,0.089
LD33,high,0.50,10,3,100,50,50,100,50,50,20,0,20,0,0,0,0,0,0,100,100,50,50,50,50,0.751,0.884,1.227,1.530,NA,1.874,6,6,0,0.152404135,0.082,0.119
LD33,high,0.50,10,4,90,50,40,80,50,30,30,0,30,0,0,0,0,0,0,90,80,50,50,40,30,0.715,0.794,0.889,NA,NA,1.930,11,11,0,0.090272067,0.020,NA
LD33,high,0.50,10,5,80,50,30,80,50,30,30,0,30,0,0,0,0,0,0,80,80,50,50,30,30,0.733,0.786,0.893,NA,NA,2.151,11,11,0,0.097867493,0.018,NA
LD33,high,0.00,25,1,10,0,10,0,0,0,0,0,0,0,0,0,0,0,0,10,0,0,0,10,0,0.721,0.914,NA,NA,NA,NA,NA,3,1,NA,NA,NA
LD33,high,0.00,25,2,0,0,0,0,0,0,0,0,0,0,0,0,0,0,0,0,0,0,0,0,0,0.720,0.904,NA,NA,NA,NA,NA,3,1,NA,NA,NA
LD33,high,0.00,25,3,0,0,0,0,0,0,0,0,0,0,0,0,0,0,0,0,0,0,0,0,0,0.724,0.909,NA,NA,NA,NA,NA,3,1,NA,NA,NA
LD33,high,0.00,25,4,10,0,10,0,0,0,0,0,0,0,0,0,0,0,0,10,0,0,0,10,0,0.712,0.910,NA,NA,NA,NA,NA,3,1,NA,NA,NA
LD33,high,0.10,25,1,30,0,30,0,0,0,0,0,0,0,0,0,0,0,0,30,0,0,0,30,0,0.727,0.825,1.197,NA,NA,1.481,11,11,0,0.064686031,0.045,NA
LD33,high,0.10,25,2,10,0,10,0,0,0,0,0,0,0,0,0,0,0,0,10,0,0,0,10,0,0.729,0.855,1.246,NA,NA,1.608,11,11,0,0.071915702,0.049,NA
LD33,high,0.10,25,3,20,0,20,0,0,0,0,0,0,0,0,0,0,0,0,20,0,0,0,20,0,0.704,0.798,1.124,NA,NA,1.359,11,11,0,0.059793278,0.043,NA
LD33,high,0.10,25,4,20,0,20,0,0,0,0,0,0,0,0,0,0,0,0,20,0,0,0,20,0,0.724,0.834,1.207,NA,NA,1.582,11,11,0,0.071059432,0.046,NA
LD33,high,0.25,25,1,90,50,40,60,30,30,20,0,20,20,0,20,0,0,0,90,60,50,30,40,30,0.744,0.856,1.231,1.245,1.397,NA,NA,6,1,NA,NA,NA
LD33,high,0.25,25,2,70,50,20,60,30,30,20,0,20,20,0,20,0,0,0,70,60,50,30,30,30,0.722,0.853,1.237,1.230,1.398,NA,NA,6,1,NA,NA,NA
LD33,high,0.25,25,3,70,30,40,60,30,30,10,0,10,10,0,10,0,0,0,70,60,30,30,40,30,0.720,0.838,1.189,1.209,1.397,1.582,11,11,0,0.071563085,0.046,0.047
LD33,high,0.25,25,4,70,50,20,60,30,30,30,0,30,20,0,20,0,0,0,70,60,50,30,30,30,0.751,0.837,0.920,1.193,1.336,1.542,11,11,0,0.065402718,0.018,0.042
LD33,high,0.50,25,1,50,30,20,60,30,30,0,0,0,0,0,0,0,0,0,60,60,30,30,30,30,0.703,0.807,1.143,1.370,1.387,1.543,11,11,0,0.071466087,0.044,0.061
LD33,high,0.50,25,2,60,30,30,50,30,20,0,0,0,0,0,0,0,0,0,60,50,30,30,30,20,0.746,0.848,1.223,1.382,1.428,1.593,11,11,0,0.068968065,0.045,0.056
LD33,high,0.50,25,3,80,50,30,70,30,40,30,0,30,30,0,30,0,0,0,80,70,50,30,40,40,0.761,0.856,1.248,1.277,1.424,1.614,11,11,0,0.068348863,0.045,0.047
LD33,high,0.50,25,4,80,50,30,80,30,50,30,0,30,0,0,0,0,0,0,80,80,50,30,50,50,0.702,0.840,1.197,1.384,1.389,NA,NA,6,1,NA,NA,NA